timestamp,project_name,run_id,duration,emissions,emissions_rate,cpu_power,gpu_power,ram_power,cpu_energy,gpu_energy,ram_energy,energy_consumed,country_name,country_iso_code,region,cloud_provider,cloud_region,os,python_version,codecarbon_version,cpu_count,cpu_model,gpu_count,gpu_model,longitude,latitude,ram_total_size,tracking_mode,on_cloud,pue
2024-01-09T08:31:59,MIND_MULTIDAE_PARAMS_TUNING_1704786905,9913e81f-d056-4886-99f6-0ca12e84130c,2201.8001227378845,0.0166993082533013,7.58438882841745e-06,42.5,195.61450733953828,1.1874990463256836,0.0259932690226369,0.01624310605003,0.0007253494703026,0.0429617245429696,The Netherlands,NLD,north holland,,,Linux-5.15.0-1053-azure-x86_64-with-glibc2.10,3.8.5,2.3.1,4,AMD EPYC 7V12 64-Core Processor,1,1 x Tesla T4,4.8883,52.3716,27.40581512451172,process,N,1.0
2024-01-09T08:40:06,MIND_MULTIDAE_PARAMS_TUNING_1704786905,5ee2a771-6122-4cf5-801b-1b25ec2a33bc,432.0505661964417,0.0032802096287514,7.592189168107683e-06,42.5,185.73026293632577,1.2021303176879885,0.0051005558510621,0.0031947539446899,0.0001435704486289,0.008438880244381,The Netherlands,NLD,north holland,,,Linux-5.15.0-1053-azure-x86_64-with-glibc2.10,3.8.5,2.3.1,4,AMD EPYC 7V12 64-Core Processor,1,1 x Tesla T4,4.8883,52.3716,27.40581512451172,process,N,1.0
2024-01-09T09:08:14,MIND_MULTIDAE_PARAMS_TUNING_1704786905,5081e2dd-4c18-4cc1-ab17-e47170de005a,1633.773332118988,0.012401725903738,7.590848534449491e-06,42.5,0.0,1.199582576751709,0.0192874543322457,0.012076560494574,0.0005414703616744,0.0319054851884942,The Netherlands,NLD,north holland,,,Linux-5.15.0-1053-azure-x86_64-with-glibc2.10,3.8.5,2.3.1,4,AMD EPYC 7V12 64-Core Processor,1,1 x Tesla T4,4.8883,52.3716,27.40581512451172,process,N,1.0
2024-01-09T09:35:48,MIND_MULTIDAE_PARAMS_TUNING_1704786905,afdaae33-2cdc-4202-a985-1ec447c11c50,1599.2939796447754,0.0121477940041287,7.595722961970335e-06,42.5,0.0,1.1996712684631348,0.0188804087403747,0.0118406205835999,0.0005311741741516,0.0312522034981264,The Netherlands,NLD,north holland,,,Linux-5.15.0-1053-azure-x86_64-with-glibc2.10,3.8.5,2.3.1,4,AMD EPYC 7V12 64-Core Processor,1,1 x Tesla T4,4.8883,52.3716,27.40581512451172,process,N,1.0
2024-01-09T10:11:19,MIND_MULTIDAE_PARAMS_TUNING_1704786905,8e5688d8-2b79-4232-848e-5df808d3db89,2076.5224244594574,0.0157750863618011,7.596877440852863e-06,42.5,0.0,1.2046923637390137,0.0245143128754364,0.0153787245251919,0.0006909739031496,0.040584011303778,The Netherlands,NLD,north holland,,,Linux-5.15.0-1053-azure-x86_64-with-glibc2.10,3.8.5,2.3.1,4,AMD EPYC 7V12 64-Core Processor,1,1 x Tesla T4,4.8883,52.3716,27.40581512451172,process,N,1.0
2024-01-09T10:47:46,MIND_MULTIDAE_PARAMS_TUNING_1704786905,d277af12-dd03-4cdb-9309-65b4e8d724fc,2132.194448709488,0.0166922140993651,7.82865470335884e-06,42.5,0.0,1.2047553062438965,0.0251715465000934,0.017062130594138,0.0007097965677644,0.0429434736619959,The Netherlands,NLD,north holland,,,Linux-5.15.0-1053-azure-x86_64-with-glibc2.10,3.8.5,2.3.1,4,AMD EPYC 7V12 64-Core Processor,1,1 x Tesla T4,4.8883,52.3716,27.40581512451172,process,N,1.0
2024-01-09T10:55:50,MIND_MULTIDAE_PARAMS_TUNING_1704786905,0e41b690-d735-4e08-bf98-3fdb3cbf1b28,430.3018133640289,0.0032693475197439,7.597800934615392e-06,42.5,0.0,1.207081317901611,0.005079911305507,0.003187237549788,0.0001437868222777,0.0084109356775728,The Netherlands,NLD,north holland,,,Linux-5.15.0-1053-azure-x86_64-with-glibc2.10,3.8.5,2.3.1,4,AMD EPYC 7V12 64-Core Processor,1,1 x Tesla T4,4.8883,52.3716,27.40581512451172,process,N,1.0
2024-01-09T11:03:54,MIND_MULTIDAE_PARAMS_TUNING_1704786905,50027797-6dec-4a01-8c48-c6be643c60a2,428.5681803226471,0.0032925789400871,7.682742422940334e-06,42.5,0.0,1.1946916580200198,0.0050594450097945,0.003267473169532,0.000143784158421,0.0084707023377475,The Netherlands,NLD,north holland,,,Linux-5.15.0-1053-azure-x86_64-with-glibc2.10,3.8.5,2.3.1,4,AMD EPYC 7V12 64-Core Processor,1,1 x Tesla T4,4.8883,52.3716,27.40581512451172,process,N,1.0
2024-01-09T11:11:58,MIND_MULTIDAE_PARAMS_TUNING_1704786905,ba73e338-21dd-4f6c-93d1-4c4818c31094,429.80349707603455,0.0032661555123069,7.599183195405994e-06,42.5,0.0,1.2197027206420898,0.0050740290381842,0.0031844936587039,0.0001442010151249,0.0084027237120131,The Netherlands,NLD,north holland,,,Linux-5.15.0-1053-azure-x86_64-with-glibc2.10,3.8.5,2.3.1,4,AMD EPYC 7V12 64-Core Processor,1,1 x Tesla T4,4.8883,52.3716,27.40581512451172,process,N,1.0
2024-01-09T12:24:30,MIND_MULTIDAE_PARAMS_TUNING_1704786905,6e8764e5-d7e9-4e21-ae92-f55bb26e0cf9,4296.462436676025,0.033011494510227,7.683412806878049e-06,42.5,183.2694699534915,1.2127933502197268,0.050721691601475,0.032766231212964,0.0014395910913988,0.084927513905838,The Netherlands,NLD,north holland,,,Linux-5.15.0-1053-azure-x86_64-with-glibc2.10,3.8.5,2.3.1,4,AMD EPYC 7V12 64-Core Processor,1,1 x Tesla T4,4.8883,52.3716,27.40581512451172,process,N,1.0
2024-01-09T12:32:36,MIND_MULTIDAE_PARAMS_TUNING_1704786905,a799eb63-bd5c-460f-a92a-8deda5e67c2e,430.7324185371399,0.0033086656861582,7.6814874937791e-06,42.5,0.0,1.2174897193908691,0.0050849948162833,0.0032824034592539,0.0001446898695152,0.0085120881450526,The Netherlands,NLD,north holland,,,Linux-5.15.0-1053-azure-x86_64-with-glibc2.10,3.8.5,2.3.1,4,AMD EPYC 7V12 64-Core Processor,1,1 x Tesla T4,4.8883,52.3716,27.40581512451172,process,N,1.0
2024-01-09T12:40:41,MIND_MULTIDAE_PARAMS_TUNING_1704786905,3a21a6ba-766a-4416-861a-2a3670b5e26b,430.2042038440704,0.0032679157345091,7.596196655701616e-06,42.5,0.0,1.217757225036621,0.0050787594409452,0.003183421435624,0.000145071297356,0.0084072521739252,The Netherlands,NLD,north holland,,,Linux-5.15.0-1053-azure-x86_64-with-glibc2.10,3.8.5,2.3.1,4,AMD EPYC 7V12 64-Core Processor,1,1 x Tesla T4,4.8883,52.3716,27.40581512451172,process,N,1.0
2024-01-09T12:48:47,MIND_MULTIDAE_PARAMS_TUNING_1704786905,bb8b06ea-775c-43c3-9472-c8e61413eef8,430.9742946624756,0.0033083263123117,7.676388947750925e-06,42.5,0.0,1.222001552581787,0.0050878507486648,0.0032776890110379,0.00014567529016,0.0085112150498628,The Netherlands,NLD,north holland,,,Linux-5.15.0-1053-azure-x86_64-with-glibc2.10,3.8.5,2.3.1,4,AMD EPYC 7V12 64-Core Processor,1,1 x Tesla T4,4.8883,52.3716,27.40581512451172,process,N,1.0
2024-01-09T12:56:53,MIND_MULTIDAE_PARAMS_TUNING_1704786905,3a13c7ad-0b7c-4d80-bbfe-d0074d2631ce,431.7684078216553,0.0033154626421399,7.678798592205958e-06,42.5,0.0,1.2176256179809573,0.0050972259743346,0.0032869609629,0.0001453874980395,0.0085295744352741,The Netherlands,NLD,north holland,,,Linux-5.15.0-1053-azure-x86_64-with-glibc2.10,3.8.5,2.3.1,4,AMD EPYC 7V12 64-Core Processor,1,1 x Tesla T4,4.8883,52.3716,27.40581512451172,process,N,1.0
2024-01-09T14:00:25,MIND_MULTIDAE_PARAMS_TUNING_1704786905,8c3e134f-545f-474a-b9c1-a5d7424642f7,3756.494926929474,0.0293820797443898,7.821674277730613e-06,42.5,180.14487410877243,1.2182765007019043,0.0443468917719192,0.0299816609297539,0.0012616931534801,0.0755902458551533,The Netherlands,NLD,north holland,,,Linux-5.15.0-1053-azure-x86_64-with-glibc2.10,3.8.5,2.3.1,4,AMD EPYC 7V12 64-Core Processor,1,1 x Tesla T4,4.8883,52.3716,27.40581512451172,process,N,1.0
2024-01-09T14:08:43,MIND_MULTIDAE_PARAMS_TUNING_1704786905,7acbc24d-ddfd-427b-ac4c-c063361632b0,441.5893387794495,0.0033895919284329,7.67589167302316e-06,42.5,0.0,1.2183351516723633,0.0052131646212604,0.003358259353272,0.0001488602751832,0.0087202842497156,The Netherlands,NLD,north holland,,,Linux-5.15.0-1053-azure-x86_64-with-glibc2.10,3.8.5,2.3.1,4,AMD EPYC 7V12 64-Core Processor,1,1 x Tesla T4,4.8883,52.3716,27.40581512451172,process,N,1.0
2024-01-09T14:37:00,MIND_MULTIDAE_PARAMS_TUNING_1704786905,88215f85-95f9-41fe-b99f-cbd363b11fe4,1641.759536743164,0.0124614593135507,7.590307249422883e-06,42.5,0.0,1.2191004753112793,0.0193817304626107,0.0121236471989099,0.0005537815749915,0.0320591592365122,The Netherlands,NLD,north holland,,,Linux-5.15.0-1053-azure-x86_64-with-glibc2.10,3.8.5,2.3.1,4,AMD EPYC 7V12 64-Core Processor,1,1 x Tesla T4,4.8883,52.3716,27.40581512451172,process,N,1.0
2024-01-09T15:13:30,MIND_MULTIDAE_PARAMS_TUNING_1704786905,228d2289-aa17-4e98-800f-f53dd2992677,2132.640574455261,0.0161841991674191,7.588807678740293e-06,42.5,174.4505642722646,1.2192177772521973,0.0251768095807896,0.0157351248103119,0.0007245870762928,0.0416365214673945,The Netherlands,NLD,north holland,,,Linux-5.15.0-1053-azure-x86_64-with-glibc2.10,3.8.5,2.3.1,4,AMD EPYC 7V12 64-Core Processor,1,1 x Tesla T4,4.8883,52.3716,27.40581512451172,process,N,1.0
2024-01-09T15:21:44,MIND_MULTIDAE_PARAMS_TUNING_1704786905,687a4a22-d864-44e3-a085-b570eb16b37e,438.4257309436798,0.0034234431372768,7.808490459508787e-06,42.5,0.0,1.2192435264587402,0.0051758173344863,0.0034833916755999,0.0001481630571447,0.0088073720672311,The Netherlands,NLD,north holland,,,Linux-5.15.0-1053-azure-x86_64-with-glibc2.10,3.8.5,2.3.1,4,AMD EPYC 7V12 64-Core Processor,1,1 x Tesla T4,4.8883,52.3716,27.40581512451172,process,N,1.0
2024-01-09T15:29:56,MIND_MULTIDAE_PARAMS_TUNING_1704786905,245866f1-7761-48e3-a978-83c7b470d435,436.27425813674927,0.0034109839554203,7.818439643879176e-06,42.5,179.7303438800177,1.2193408012390137,0.0051504183461268,0.003472193611086,0.0001527068099154,0.0087753187671283,The Netherlands,NLD,north holland,,,Linux-5.15.0-1053-azure-x86_64-with-glibc2.10,3.8.5,2.3.1,4,AMD EPYC 7V12 64-Core Processor,1,1 x Tesla T4,4.8883,52.3716,27.40581512451172,process,N,1.0
2024-01-09T16:42:21,MIND_MULTIDAE_PARAMS_TUNING_1704786905,bd9545c3-5dfa-41a5-b5fc-8572059d95d0,4289.02120256424,0.0335580432627592,7.82417285386609e-06,42.5,179.4839497149196,1.2109007835388184,0.0506338868897822,0.0342552449041739,0.0014444689149652,0.0863336007089215,The Netherlands,NLD,north holland,,,Linux-5.15.0-1053-azure-x86_64-with-glibc2.10,3.8.5,2.3.1,4,AMD EPYC 7V12 64-Core Processor,1,1 x Tesla T4,4.8883,52.3716,27.40581512451172,process,N,1.0
2024-01-09T16:50:20,MIND_MULTIDAE_PARAMS_TUNING_1704786905,b5f2fc18-c174-49c2-8108-3def090bdef8,423.3513469696045,0.003314631951458,7.829506095078029e-06,42.5,0.0,1.22005033493042,0.0049978570898373,0.003386863542822,0.0001427167138374,0.0085274373464968,The Netherlands,NLD,north holland,,,Linux-5.15.0-1053-azure-x86_64-with-glibc2.10,3.8.5,2.3.1,4,AMD EPYC 7V12 64-Core Processor,1,1 x Tesla T4,4.8883,52.3716,27.40581512451172,process,N,1.0
2024-01-09T18:02:53,MIND_MULTIDAE_PARAMS_TUNING_1704786905,849e6121-b893-4ee1-b6c3-945f3ad93338,4298.710594892502,0.0330131012561275,7.679768276411067e-06,42.5,175.06792097579176,1.2213034629821775,0.0507481453090906,0.0327317700742839,0.0014517321412781,0.0849316475246527,The Netherlands,NLD,north holland,,,Linux-5.15.0-1053-azure-x86_64-with-glibc2.10,3.8.5,2.3.1,4,AMD EPYC 7V12 64-Core Processor,1,1 x Tesla T4,4.8883,52.3716,27.40581512451172,process,N,1.0
2024-01-09T18:10:57,MIND_MULTIDAE_PARAMS_TUNING_1704786905,ecd672b3-7498-4f7c-a4c4-a63ad0b16424,429.7511742115021,0.0033575635662198,7.812808359116663e-06,42.5,0.0,1.2213749885559082,0.0050734104201197,0.003419268290968,0.0001452072946951,0.0086378860057829,The Netherlands,NLD,north holland,,,Linux-5.15.0-1053-azure-x86_64-with-glibc2.10,3.8.5,2.3.1,4,AMD EPYC 7V12 64-Core Processor,1,1 x Tesla T4,4.8883,52.3716,27.40581512451172,process,N,1.0
2024-01-09T18:19:11,MIND_MULTIDAE_PARAMS_TUNING_1704786905,c0c94c46-a1e8-4283-a51c-609f4ca29f39,439.2738842964173,0.0033328928620118,7.587277507630772e-06,42.5,0.0,1.2179059982299805,0.0051858296480443,0.003239991758658,0.0001485951437959,0.0085744165504983,The Netherlands,NLD,north holland,,,Linux-5.15.0-1053-azure-x86_64-with-glibc2.10,3.8.5,2.3.1,4,AMD EPYC 7V12 64-Core Processor,1,1 x Tesla T4,4.8883,52.3716,27.40581512451172,process,N,1.0
2024-01-09T18:35:52,MIND_MULTIDAE_PARAMS_TUNING_1704786905,cf2663f4-f913-49b9-a9d9-4b691c93ea00,944.3729622364044,0.0073724518008854,7.806716303510514e-06,42.5,0.0,1.2222075462341309,0.0111487333474887,0.0074996393330399,0.0003184754470483,0.018966848127577,The Netherlands,NLD,north holland,,,Linux-5.15.0-1053-azure-x86_64-with-glibc2.10,3.8.5,2.3.1,4,AMD EPYC 7V12 64-Core Processor,1,1 x Tesla T4,4.8883,52.3716,27.40581512451172,process,N,1.0
2024-01-09T19:49:00,MIND_MULTIDAE_PARAMS_TUNING_1704786905,b44eb6bc-dced-4c40-b0e3-7d08f6012076,4333.474056482315,0.0338622701033501,7.814116263762235e-06,42.5,0.0,1.222968578338623,0.0511584642001324,0.0344959031522559,0.0014619070772522,0.0871162744296406,The Netherlands,NLD,north holland,,,Linux-5.15.0-1053-azure-x86_64-with-glibc2.10,3.8.5,2.3.1,4,AMD EPYC 7V12 64-Core Processor,1,1 x Tesla T4,4.8883,52.3716,27.40581512451172,process,N,1.0
2024-01-09T19:57:14,MIND_MULTIDAE_PARAMS_TUNING_1704786905,3a535a92-7701-441b-b9e1-f6f7876aca89,438.9570310115814,0.0033310079460922,7.588460169816375e-06,42.5,0.0,1.223008632659912,0.0051820894017815,0.003238469535218,0.000149008356434,0.0085695672934336,The Netherlands,NLD,north holland,,,Linux-5.15.0-1053-azure-x86_64-with-glibc2.10,3.8.5,2.3.1,4,AMD EPYC 7V12 64-Core Processor,1,1 x Tesla T4,4.8883,52.3716,27.40581512451172,process,N,1.0
2024-01-09T20:14:00,MIND_MULTIDAE_PARAMS_TUNING_1704786905,44b2326d-7c68-404b-9716-8fd810d6e909,949.925278186798,0.0074188354290459,7.809914736880063e-06,42.5,172.8211208045318,1.2271928787231443,0.0112143071353435,0.007548951594712,0.0003229189305841,0.0190861776606396,The Netherlands,NLD,north holland,,,Linux-5.15.0-1053-azure-x86_64-with-glibc2.10,3.8.5,2.3.1,4,AMD EPYC 7V12 64-Core Processor,1,1 x Tesla T4,4.8883,52.3716,27.40581512451172,process,N,1.0
2024-01-09T20:51:15,MIND_MULTIDAE_PARAMS_TUNING_1704786905,dd4909e4-1410-4f19-9874-30a59ef5c884,2180.1345295906067,0.0170187058903341,7.80626409028527e-06,42.5,172.98039212031256,1.21415376663208,0.0257374610970417,0.0173118485716899,0.0007341179707815,0.0437834276395133,The Netherlands,NLD,north holland,,,Linux-5.15.0-1053-azure-x86_64-with-glibc2.10,3.8.5,2.3.1,4,AMD EPYC 7V12 64-Core Processor,1,1 x Tesla T4,4.8883,52.3716,27.40581512451172,process,N,1.0
2024-01-09T21:46:53,MIND_MULTIDAE_PARAMS_TUNING_1704786905,2151521b-c7d0-4d59-8103-ee79d9b6a9ec,3283.217777490616,0.0251903012142534,7.672442987777239e-06,42.5,0.0,1.223243236541748,0.0387596543795532,0.024938455506304,0.0011080943895348,0.064806204275392,The Netherlands,NLD,north holland,,,Linux-5.15.0-1053-azure-x86_64-with-glibc2.10,3.8.5,2.3.1,4,AMD EPYC 7V12 64-Core Processor,1,1 x Tesla T4,4.8883,52.3716,27.40581512451172,process,N,1.0
2024-01-09T21:55:08,MIND_MULTIDAE_PARAMS_TUNING_1704786905,d3349982-57ef-4662-808b-5682e3e9886e,439.5551698207855,0.0033371871924716,7.59219188306283e-06,42.5,0.0,1.2246966361999512,0.0051891485813591,0.0032464331526999,0.0001498826897711,0.0085854644238302,The Netherlands,NLD,north holland,,,Linux-5.15.0-1053-azure-x86_64-with-glibc2.10,3.8.5,2.3.1,4,AMD EPYC 7V12 64-Core Processor,1,1 x Tesla T4,4.8883,52.3716,27.40581512451172,process,N,1.0
2024-01-09T22:32:11,MIND_MULTIDAE_PARAMS_TUNING_1704786905,69ddd562-4ba4-4504-99da-29c234edc750,2166.6550047397614,0.0169398153705931,7.818418406961732e-06,42.5,62.14497424444347,1.2142839431762695,0.0255783654411633,0.0172709293722879,0.0007311739533497,0.043580468766801,The Netherlands,NLD,north holland,,,Linux-5.15.0-1053-azure-x86_64-with-glibc2.10,3.8.5,2.3.1,4,AMD EPYC 7V12 64-Core Processor,1,1 x Tesla T4,4.8883,52.3716,27.40581512451172,process,N,1.0
2024-01-09T23:08:06,MIND_MULTIDAE_PARAMS_TUNING_1704786905,c503a014-ad32-4477-87cd-a76b654c0177,2100.297908306122,0.0159420362016979,7.590369032246042e-06,42.5,0.0,1.2230958938598633,0.0247949785661366,0.0155077660173139,0.0007107727169438,0.0410135173003944,The Netherlands,NLD,north holland,,,Linux-5.15.0-1053-azure-x86_64-with-glibc2.10,3.8.5,2.3.1,4,AMD EPYC 7V12 64-Core Processor,1,1 x Tesla T4,4.8883,52.3716,27.40581512451172,process,N,1.0
2024-01-10T00:11:35,MIND_MULTIDAE_PARAMS_TUNING_1704786905,f4535306-92a6-41b6-b664-cb2f6172878d,3753.527940511704,0.0293426740192151,7.8173586248075e-06,42.5,0.0,1.2134413719177246,0.0443120066235462,0.0299028930889619,0.001273968415814,0.0754888681283222,The Netherlands,NLD,north holland,,,Linux-5.15.0-1053-azure-x86_64-with-glibc2.10,3.8.5,2.3.1,4,AMD EPYC 7V12 64-Core Processor,1,1 x Tesla T4,4.8883,52.3716,27.40581512451172,process,N,1.0
2024-01-10T00:48:24,MIND_MULTIDAE_PARAMS_TUNING_1704786905,68af8fca-3fe1-4d79-b6a6-87eee7a86f7b,2154.7391369342804,0.0168462823042404,7.818246773114735e-06,42.5,163.69410205046364,1.2302656173706057,0.0254375538946853,0.0171702209583879,0.0007320646749981,0.0433398395280715,The Netherlands,NLD,north holland,,,Linux-5.15.0-1053-azure-x86_64-with-glibc2.10,3.8.5,2.3.1,4,AMD EPYC 7V12 64-Core Processor,1,1 x Tesla T4,4.8883,52.3716,27.40581512451172,process,N,1.0
2024-01-10T01:05:07,MIND_MULTIDAE_PARAMS_TUNING_1704786905,08e7317c-671b-4d24-bb0f-6bbbf699d2bb,948.425526857376,0.0074105250180726,7.813502281647321e-06,42.5,0.0,1.2305960655212402,0.0111966008144948,0.00754508659162,0.0003231103517373,0.0190647977578522,The Netherlands,NLD,north holland,,,Linux-5.15.0-1053-azure-x86_64-with-glibc2.10,3.8.5,2.3.1,4,AMD EPYC 7V12 64-Core Processor,1,1 x Tesla T4,4.8883,52.3716,27.40581512451172,process,N,1.0
2024-01-10T02:18:43,MIND_MULTIDAE_PARAMS_TUNING_1704786905,340d30ff-3fab-4c07-b664-a7c44616d697,4361.153351306915,0.0331025790953939,7.590326784879975e-06,42.5,0.0,1.2305059432983398,0.0514854386082953,0.0321907849192739,0.0014856204953426,0.085161844022912,The Netherlands,NLD,north holland,,,Linux-5.15.0-1053-azure-x86_64-with-glibc2.10,3.8.5,2.3.1,4,AMD EPYC 7V12 64-Core Processor,1,1 x Tesla T4,4.8883,52.3716,27.40581512451172,process,N,1.0
2024-01-10T02:26:53,MIND_MULTIDAE_PARAMS_TUNING_1704786905,43dc88c2-48d9-4504-b819-cb566184ad05,434.8951632976532,0.0033378069482869,7.674969118942415e-06,42.5,0.0,1.2309179306030271,0.0051341386010249,0.003304667643732,0.0001482526031185,0.0085870588478755,The Netherlands,NLD,north holland,,,Linux-5.15.0-1053-azure-x86_64-with-glibc2.10,3.8.5,2.3.1,4,AMD EPYC 7V12 64-Core Processor,1,1 x Tesla T4,4.8883,52.3716,27.40581512451172,process,N,1.0
2024-01-10T02:35:07,MIND_MULTIDAE_PARAMS_TUNING_1704786905,d35cfefa-a24f-441a-8df3-a13f7f6b0a4b,438.69986963272095,0.0033667132473804,7.67429735094069e-06,42.5,169.9180755561722,1.230912208557129,0.0051790535110566,0.00333260127719,0.0001497702812935,0.0086614250695402,The Netherlands,NLD,north holland,,,Linux-5.15.0-1053-azure-x86_64-with-glibc2.10,3.8.5,2.3.1,4,AMD EPYC 7V12 64-Core Processor,1,1 x Tesla T4,4.8883,52.3716,27.40581512451172,process,N,1.0
2024-01-10T03:47:55,MIND_MULTIDAE_PARAMS_TUNING_1704786905,c5053c3e-8a57-49ed-a8ea-84ac95e3e02d,4312.009618759155,0.0336955941353699,7.814359687135004e-06,42.5,0.0,1.2311253547668457,0.0509052773767047,0.0343180077321619,0.0014641879048299,0.0866874730136966,The Netherlands,NLD,north holland,,,Linux-5.15.0-1053-azure-x86_64-with-glibc2.10,3.8.5,2.3.1,4,AMD EPYC 7V12 64-Core Processor,1,1 x Tesla T4,4.8883,52.3716,27.40581512451172,process,N,1.0
2024-01-10T04:24:45,MIND_MULTIDAE_PARAMS_TUNING_1704786905,bbacb67c-c895-4ded-ba75-d2664caee38a,2155.8189442157745,0.016849094835087,7.815635390112143e-06,42.5,0.0,1.2379202842712402,0.0254504413000411,0.0171604795617059,0.0007361543657716,0.0433470752275187,The Netherlands,NLD,north holland,,,Linux-5.15.0-1053-azure-x86_64-with-glibc2.10,3.8.5,2.3.1,4,AMD EPYC 7V12 64-Core Processor,1,1 x Tesla T4,4.8883,52.3716,27.40581512451172,process,N,1.0
2024-01-10T05:37:32,MIND_MULTIDAE_PARAMS_TUNING_1704786905,ca22f861-08ae-45c6-a7ef-5e6d8a94f2ee,4311.040306806564,0.0336982595292168,7.81673497137378e-06,42.5,0.0,1.2349519729614258,0.0508935540656248,0.0343325160771019,0.0014682600362195,0.0866943301789463,The Netherlands,NLD,north holland,,,Linux-5.15.0-1053-azure-x86_64-with-glibc2.10,3.8.5,2.3.1,4,AMD EPYC 7V12 64-Core Processor,1,1 x Tesla T4,4.8883,52.3716,27.40581512451172,process,N,1.0
2024-01-10T05:45:46,MIND_MULTIDAE_PARAMS_TUNING_1704786905,fb83ad89-98cf-40e4-b49f-f957f04b36b2,440.055305480957,0.0033416683493266,7.593746303488786e-06,42.5,0.0,1.2352910041809082,0.0051950545509656,0.0032510514897279,0.0001508868981815,0.0085969929388751,The Netherlands,NLD,north holland,,,Linux-5.15.0-1053-azure-x86_64-with-glibc2.10,3.8.5,2.3.1,4,AMD EPYC 7V12 64-Core Processor,1,1 x Tesla T4,4.8883,52.3716,27.40581512451172,process,N,1.0
2024-01-10T06:22:53,MIND_MULTIDAE_PARAMS_TUNING_1704786905,4fa232c2-d8b8-49ca-ab44-544553c2fc32,2171.485283613205,0.0166672256722897,7.675495568893122e-06,42.5,0.0,1.234976291656494,0.0256353902366426,0.0165033273693179,0.0007404692062755,0.042879186812236,The Netherlands,NLD,north holland,,,Linux-5.15.0-1053-azure-x86_64-with-glibc2.10,3.8.5,2.3.1,4,AMD EPYC 7V12 64-Core Processor,1,1 x Tesla T4,4.8883,52.3716,27.40581512451172,process,N,1.0
2024-01-10T06:59:44,MIND_MULTIDAE_PARAMS_TUNING_1704786905,b3584bb6-f17b-4fc0-8d3c-545cc55a220a,2155.5900790691376,0.0168559046510396,7.819624340783121e-06,42.5,0.0,1.2351608276367188,0.0254477395633856,0.017181880134382,0.0007349749043687,0.0433645946021364,The Netherlands,NLD,north holland,,,Linux-5.15.0-1053-azure-x86_64-with-glibc2.10,3.8.5,2.3.1,4,AMD EPYC 7V12 64-Core Processor,1,1 x Tesla T4,4.8883,52.3716,27.40581512451172,process,N,1.0
2024-01-10T07:37:14,MIND_MULTIDAE_PARAMS_TUNING_1704786905,e481f6cd-f387-44f6-be69-2ddbe2f534be,2194.583684206009,0.0166510215893483,7.587325882891836e-06,42.5,0.0,1.2352566719055176,0.0259080442148778,0.0161792221100339,0.000750232811569,0.0428374991364808,The Netherlands,NLD,north holland,,,Linux-5.15.0-1053-azure-x86_64-with-glibc2.10,3.8.5,2.3.1,4,AMD EPYC 7V12 64-Core Processor,1,1 x Tesla T4,4.8883,52.3716,27.40581512451172,process,N,1.0
2024-01-10T08:32:09,MIND_MULTIDAE_PARAMS_TUNING_1704786905,88457174-336a-4e16-a781-31d9ec3cc4f2,3238.761216402054,0.0245868585836198,7.591439115395322e-06,42.5,0.0,1.2354984283447268,0.0382350792055328,0.023910900795372,0.0011077685870104,0.0632537485879153,The Netherlands,NLD,north holland,,,Linux-5.15.0-1053-azure-x86_64-with-glibc2.10,3.8.5,2.3.1,4,AMD EPYC 7V12 64-Core Processor,1,1 x Tesla T4,4.8883,52.3716,27.40581512451172,process,N,1.0
2024-01-10T09:26:49,MIND_MULTIDAE_PARAMS_TUNING_1704786905,33545cd1-4250-40f6-a9d5-431455efdbc8,3224.682197093964,0.0244788699678417,7.591095330231854e-06,42.5,0.0,1.2355585098266602,0.0380687263838118,0.0238054573776841,0.0011017463027737,0.0629759300642697,The Netherlands,NLD,north holland,,,Linux-5.15.0-1053-azure-x86_64-with-glibc2.10,3.8.5,2.3.1,4,AMD EPYC 7V12 64-Core Processor,1,1 x Tesla T4,4.8883,52.3716,27.40581512451172,process,N,1.0
2024-01-10T10:41:10,MIND_MULTIDAE_PARAMS_TUNING_1704786905,9a473817-75f6-4811-aac1-8fb0f5c4f324,4405.674545764923,0.0338046659195079,7.672983005974335e-06,42.5,0.0,1.2358002662658691,0.0520109994775719,0.0334532723181519,0.0015038063708613,0.086968078166585,The Netherlands,NLD,north holland,,,Linux-5.15.0-1053-azure-x86_64-with-glibc2.10,3.8.5,2.3.1,4,AMD EPYC 7V12 64-Core Processor,1,1 x Tesla T4,4.8883,52.3716,27.40581512451172,process,N,1.0
2024-01-10T11:00:20,MIND_MULTIDAE_PARAMS_TUNING_1704786905,c0977067-5c24-427b-b3af-25878246ba3e,1094.4096846580503,0.0083959324677132,7.671654029940884e-06,42.5,163.02582901449722,1.2359504699707031,0.012920012464457,0.0083065327563319,0.0003733757153349,0.0215999209361239,The Netherlands,NLD,north holland,,,Linux-5.15.0-1053-azure-x86_64-with-glibc2.10,3.8.5,2.3.1,4,AMD EPYC 7V12 64-Core Processor,1,1 x Tesla T4,4.8883,52.3716,27.40581512451172,process,N,1.0
2024-01-10T11:08:36,MIND_MULTIDAE_PARAMS_TUNING_1704786905,55bab8b0-f347-4cd1-bff7-a9a9ebcb799a,439.80586767196655,0.0033389585895368,7.591891866315968e-06,42.5,0.0,1.2379188537597658,0.0051921105224225,0.003247105097682,0.0001508060148159,0.0085900216349204,The Netherlands,NLD,north holland,,,Linux-5.15.0-1053-azure-x86_64-with-glibc2.10,3.8.5,2.3.1,4,AMD EPYC 7V12 64-Core Processor,1,1 x Tesla T4,4.8883,52.3716,27.40581512451172,process,N,1.0
2024-01-10T11:16:55,MIND_MULTIDAE_PARAMS_TUNING_1704786905,cd030014-ac01-4ecb-be00-78aeb118b796,443.0019807815552,0.0033992510334955,7.673218588094112e-06,42.5,0.0,1.2350692749023438,0.0052298410144117,0.0033634685241059,0.0001518243519576,0.0087451338904753,The Netherlands,NLD,north holland,,,Linux-5.15.0-1053-azure-x86_64-with-glibc2.10,3.8.5,2.3.1,4,AMD EPYC 7V12 64-Core Processor,1,1 x Tesla T4,4.8883,52.3716,27.40581512451172,process,N,1.0
2024-01-10T11:25:04,MIND_MULTIDAE_PARAMS_TUNING_1704786905,9ed9faad-75be-43a4-864e-c9ca8d5cb359,433.1166996955872,0.0033877747328134,7.821852020932338e-06,42.5,0.0,1.2363395690917969,0.0051131425518128,0.0034544669302379,0.0001479997322404,0.0087156092142913,The Netherlands,NLD,north holland,,,Linux-5.15.0-1053-azure-x86_64-with-glibc2.10,3.8.5,2.3.1,4,AMD EPYC 7V12 64-Core Processor,1,1 x Tesla T4,4.8883,52.3716,27.40581512451172,process,N,1.0
2024-01-10T11:41:48,MIND_MULTIDAE_PARAMS_TUNING_1704786905,2d7fc6eb-67bf-477d-b377-0e4cbc6f42bd,948.55783700943,0.0074120688122745,7.81403992785822e-06,42.5,0.0,1.239305019378662,0.0111981634313861,0.007545202425046,0.0003254035666078,0.01906876942304,The Netherlands,NLD,north holland,,,Linux-5.15.0-1053-azure-x86_64-with-glibc2.10,3.8.5,2.3.1,4,AMD EPYC 7V12 64-Core Processor,1,1 x Tesla T4,4.8883,52.3716,27.40581512451172,process,N,1.0
2024-01-10T11:49:56,MIND_MULTIDAE_PARAMS_TUNING_1704786905,c3e7ae06-df0c-47b2-a1c5-c14fda0f44ef,433.7092823982239,0.0033832749546466,7.800789819250937e-06,42.5,162.9926863537593,1.242502212524414,0.0051201353222131,0.0034352191370619,0.0001486783335757,0.0087040327928508,The Netherlands,NLD,north holland,,,Linux-5.15.0-1053-azure-x86_64-with-glibc2.10,3.8.5,2.3.1,4,AMD EPYC 7V12 64-Core Processor,1,1 x Tesla T4,4.8883,52.3716,27.40581512451172,process,N,1.0
2024-01-10T12:33:07,MIND_MULTIDAE_PARAMS_TUNING_1704786905,6e4b54c6-244c-4cfd-af63-c6e0b8e1c0b4,2535.1268610954285,0.0194484185981035,7.671576084243726e-06,42.5,0.0,1.2394537925720217,0.0299283470695217,0.019236278722344,0.0008696384982679,0.0500342642901337,The Netherlands,NLD,north holland,,,Linux-5.15.0-1053-azure-x86_64-with-glibc2.10,3.8.5,2.3.1,4,AMD EPYC 7V12 64-Core Processor,1,1 x Tesla T4,4.8883,52.3716,27.40581512451172,process,N,1.0
2024-01-10T13:09:43,MIND_MULTIDAE_PARAMS_TUNING_1704786905,d419bfb0-8d80-426a-a40a-1749a1ccfac8,2140.699605703354,0.0167381077816658,7.818989519627785e-06,42.5,0.0,1.2397656440734863,0.0252719530244668,0.0170572275346601,0.0007323621694051,0.043061542728532,The Netherlands,NLD,north holland,,,Linux-5.15.0-1053-azure-x86_64-with-glibc2.10,3.8.5,2.3.1,4,AMD EPYC 7V12 64-Core Processor,1,1 x Tesla T4,4.8883,52.3716,27.40581512451172,process,N,1.0
2024-01-10T13:46:31,MIND_MULTIDAE_PARAMS_TUNING_1704786905,40dddffb-4124-4b4d-a2e6-7626436a05cc,2152.787487268448,0.0163321497807429,7.586512778121851e-06,42.5,167.6579229208148,1.239741325378418,0.0254146549216575,0.015863719357632,0.0007387745409966,0.0420171488202862,The Netherlands,NLD,north holland,,,Linux-5.15.0-1053-azure-x86_64-with-glibc2.10,3.8.5,2.3.1,4,AMD EPYC 7V12 64-Core Processor,1,1 x Tesla T4,4.8883,52.3716,27.40581512451172,process,N,1.0
2024-01-10T13:54:35,MIND_MULTIDAE_PARAMS_TUNING_1704786905,ba9521b7-a7a8-4ccc-b7df-56b9e62406c9,429.47205686569214,0.0032964056074653,7.675483316709102e-06,42.5,0.0,1.2400574684143066,0.0050701150173942,0.0032627262212899,0.0001477058319904,0.0084805470706746,The Netherlands,NLD,north holland,,,Linux-5.15.0-1053-azure-x86_64-with-glibc2.10,3.8.5,2.3.1,4,AMD EPYC 7V12 64-Core Processor,1,1 x Tesla T4,4.8883,52.3716,27.40581512451172,process,N,1.0
2024-01-10T14:02:33,MIND_MULTIDAE_PARAMS_TUNING_1704786905,e756b69a-cb4d-466a-873f-a49452d7f0e8,423.3132348060608,0.0033127192996289,7.825692719356322e-06,42.5,0.0,1.2398400306701662,0.0049974069547322,0.0033800724262779,0.0001450373532206,0.0085225167342307,The Netherlands,NLD,north holland,,,Linux-5.15.0-1053-azure-x86_64-with-glibc2.10,3.8.5,2.3.1,4,AMD EPYC 7V12 64-Core Processor,1,1 x Tesla T4,4.8883,52.3716,27.40581512451172,process,N,1.0
2024-01-10T15:15:15,MIND_MULTIDAE_PARAMS_TUNING_1704786905,1aced532-66fd-4d5d-86bc-bbddcf4a9926,4308.044764280319,0.0326942036639684,7.589104907880448e-06,42.5,163.52890284219387,1.2441372871398926,0.0508578662961721,0.03177201569537,0.0014813488844719,0.0841112308760141,The Netherlands,NLD,north holland,,,Linux-5.15.0-1053-azure-x86_64-with-glibc2.10,3.8.5,2.3.1,4,AMD EPYC 7V12 64-Core Processor,1,1 x Tesla T4,4.8883,52.3716,27.40581512451172,process,N,1.0
2024-01-10T15:33:58,MIND_MULTIDAE_PARAMS_TUNING_1704786905,b973571c-82b8-42b9-a6e8-ac7581804aca,1067.4553973674774,0.0081979400063483,7.679889976261117e-06,42.5,163.98187282052666,1.2235321998596191,0.0126018037749661,0.008117836772042,0.0003709121292021,0.0210905526762103,The Netherlands,NLD,north holland,,,Linux-5.15.0-1053-azure-x86_64-with-glibc2.10,3.8.5,2.3.1,4,AMD EPYC 7V12 64-Core Processor,1,1 x Tesla T4,4.8883,52.3716,27.40581512451172,process,N,1.0
2024-01-10T16:10:18,MIND_MULTIDAE_PARAMS_TUNING_1704786905,28babc78-777a-4d57-9e8a-3acc0ac403e4,2125.454792261124,0.0166279422134348,7.823239653921563e-06,42.5,0.0,1.2420315742492678,0.0250918566357758,0.016958439122296,0.0007278278776049,0.0427781236356768,The Netherlands,NLD,north holland,,,Linux-5.15.0-1053-azure-x86_64-with-glibc2.10,3.8.5,2.3.1,4,AMD EPYC 7V12 64-Core Processor,1,1 x Tesla T4,4.8883,52.3716,27.40581512451172,process,N,1.0
2024-01-10T17:22:24,MIND_MULTIDAE_PARAMS_TUNING_1704786905,be58495a-5416-4549-b7b8-2deacac2da82,4271.251419067383,0.0328029493456374,7.679938764363334e-06,42.5,165.36443452130203,1.2449884414672852,0.0504241089623835,0.032498754887872,0.0014681332262645,0.08439099707652,The Netherlands,NLD,north holland,,,Linux-5.15.0-1053-azure-x86_64-with-glibc2.10,3.8.5,2.3.1,4,AMD EPYC 7V12 64-Core Processor,1,1 x Tesla T4,4.8883,52.3716,27.40581512451172,process,N,1.0
2024-01-10T17:59:25,MIND_MULTIDAE_PARAMS_TUNING_1704786905,19128fb2-5072-4cd6-8b2c-b7dd3ed10257,2167.099935054779,0.0164487402863905,7.590208471846398e-06,42.5,0.0,1.2378973960876465,0.0255835893952184,0.015988109734922,0.0007453979941104,0.0423170971242508,The Netherlands,NLD,north holland,,,Linux-5.15.0-1053-azure-x86_64-with-glibc2.10,3.8.5,2.3.1,4,AMD EPYC 7V12 64-Core Processor,1,1 x Tesla T4,4.8883,52.3716,27.40581512451172,process,N,1.0
2024-01-10T18:31:23,MIND_MULTIDAE_PARAMS_TUNING_1704786905,85d134ff-3f8d-432c-8344-bb100a1ebd38,1862.196089744568,0.014548054978987,7.812310990827282e-06,42.5,0.0,1.242173194885254,0.021984082660079,0.014799067950356,0.000644120098198,0.037427270708633,The Netherlands,NLD,north holland,,,Linux-5.15.0-1053-azure-x86_64-with-glibc2.10,3.8.5,2.3.1,4,AMD EPYC 7V12 64-Core Processor,1,1 x Tesla T4,4.8883,52.3716,27.40581512451172,process,N,1.0
2024-01-10T18:39:41,MIND_MULTIDAE_PARAMS_TUNING_1704786905,2a39fab3-828c-4184-a6ac-62d36edea146,443.1433048248291,0.0033616904090192,7.586011956895218e-06,42.5,0.0,1.242353439331055,0.005231510292987,0.0032641887224601,0.0001528039740388,0.008648502989486,The Netherlands,NLD,north holland,,,Linux-5.15.0-1053-azure-x86_64-with-glibc2.10,3.8.5,2.3.1,4,AMD EPYC 7V12 64-Core Processor,1,1 x Tesla T4,4.8883,52.3716,27.40581512451172,process,N,1.0
2024-01-10T19:17:29,MIND_MULTIDAE_PARAMS_TUNING_1704786905,a51f25d0-99eb-4d65-9f07-fdd7391d3497,2211.6907267570496,0.0169600703758955,7.668373417093308e-06,42.5,0.0,1.242118835449219,0.0261100338324904,0.0167625484100281,0.0007599958658923,0.0436325781084109,The Netherlands,NLD,north holland,,,Linux-5.15.0-1053-azure-x86_64-with-glibc2.10,3.8.5,2.3.1,4,AMD EPYC 7V12 64-Core Processor,1,1 x Tesla T4,4.8883,52.3716,27.40581512451172,process,N,1.0
2024-01-10T19:25:47,MIND_MULTIDAE_PARAMS_TUNING_1704786905,aab24ca5-9b54-46fe-b13e-4212afd48992,441.7242667675018,0.003388303045399,7.67062916917468e-06,42.5,0.0,1.242363452911377,0.0052147580474615,0.003350266291322,0.0001519440467639,0.0087169683855475,The Netherlands,NLD,north holland,,,Linux-5.15.0-1053-azure-x86_64-with-glibc2.10,3.8.5,2.3.1,4,AMD EPYC 7V12 64-Core Processor,1,1 x Tesla T4,4.8883,52.3716,27.40581512451172,process,N,1.0
2024-01-10T20:03:33,MIND_MULTIDAE_PARAMS_TUNING_1704786905,9aea2e01-833f-4f0b-b0ff-6eae85e29782,2210.18433880806,0.0169422746987359,7.665548253713889e-06,42.5,0.0,1.246652126312256,0.0260921409697996,0.016732206719088,0.0007624481051548,0.0435867957940425,The Netherlands,NLD,north holland,,,Linux-5.15.0-1053-azure-x86_64-with-glibc2.10,3.8.5,2.3.1,4,AMD EPYC 7V12 64-Core Processor,1,1 x Tesla T4,4.8883,52.3716,27.40581512451172,process,N,1.0
2024-01-10T20:22:59,MIND_MULTIDAE_PARAMS_TUNING_1704786905,805366d4-ef58-4f69-9c21-1e8167bab820,1109.6941409111023,0.0085081362857948,7.667100304602265e-06,42.5,0.0,1.2425193786621094,0.0131004520704348,0.0084073142258459,0.0003808174665885,0.0218885837628694,The Netherlands,NLD,north holland,,,Linux-5.15.0-1053-azure-x86_64-with-glibc2.10,3.8.5,2.3.1,4,AMD EPYC 7V12 64-Core Processor,1,1 x Tesla T4,4.8883,52.3716,27.40581512451172,process,N,1.0
2024-01-10T20:42:08,MIND_MULTIDAE_PARAMS_TUNING_1704786905,4a24c38f-b6fd-4cf8-abc9-18a1e7b58d5c,1092.983376264572,0.0083774157089068,7.664723810839527e-06,42.5,0.0,1.226423263549805,0.0129031751485334,0.0082732032852239,0.0003759050865405,0.0215522835202979,The Netherlands,NLD,north holland,,,Linux-5.15.0-1053-azure-x86_64-with-glibc2.10,3.8.5,2.3.1,4,AMD EPYC 7V12 64-Core Processor,1,1 x Tesla T4,4.8883,52.3716,27.40581512451172,process,N,1.0
2024-01-10T20:50:19,MIND_MULTIDAE_PARAMS_TUNING_1704786905,7bc56c9e-8ea0-42c3-9a59-5a49cf2aa0a2,435.2133545875549,0.0033359266507711,7.665037424994864e-06,42.5,157.46776059501806,1.242612361907959,0.0051378949753112,0.003295144580558,0.000149181916547,0.0085822214724163,The Netherlands,NLD,north holland,,,Linux-5.15.0-1053-azure-x86_64-with-glibc2.10,3.8.5,2.3.1,4,AMD EPYC 7V12 64-Core Processor,1,1 x Tesla T4,4.8883,52.3716,27.40581512451172,process,N,1.0
2024-01-10T21:27:34,MIND_MULTIDAE_PARAMS_TUNING_1704786905,d460e844-2a7f-40e6-925e-610e5a6d9d1e,2180.238938331604,0.0165298250008953,7.581657546922137e-06,42.5,0.0,1.239857196807861,0.0257387337979343,0.0160408158881979,0.0007461512387287,0.0425257009248609,The Netherlands,NLD,north holland,,,Linux-5.15.0-1053-azure-x86_64-with-glibc2.10,3.8.5,2.3.1,4,AMD EPYC 7V12 64-Core Processor,1,1 x Tesla T4,4.8883,52.3716,27.40581512451172,process,N,1.0
2024-01-10T22:04:51,MIND_MULTIDAE_PARAMS_TUNING_1704786905,03975744-d738-4397-bb37-b180fae0ac62,2181.903457403183,0.0165508421535421,7.585506176904981e-06,42.5,0.0,1.242781162261963,0.0257578786484069,0.0160710039679039,0.0007508883998974,0.0425797710162082,The Netherlands,NLD,north holland,,,Linux-5.15.0-1053-azure-x86_64-with-glibc2.10,3.8.5,2.3.1,4,AMD EPYC 7V12 64-Core Processor,1,1 x Tesla T4,4.8883,52.3716,27.40581512451172,process,N,1.0
2024-01-10T22:42:01,MIND_MULTIDAE_PARAMS_TUNING_1704786905,8139e3e3-9ec8-46c1-b0b1-8db72d0ee526,2174.1666667461395,0.0166816818379909,7.67267849937043e-06,42.5,156.3651315938736,1.2428927421569824,0.0256669980017675,0.0165017273680381,0.0007476523128175,0.0429163776826231,The Netherlands,NLD,north holland,,,Linux-5.15.0-1053-azure-x86_64-with-glibc2.10,3.8.5,2.3.1,4,AMD EPYC 7V12 64-Core Processor,1,1 x Tesla T4,4.8883,52.3716,27.40581512451172,process,N,1.0
2024-01-10T22:50:08,MIND_MULTIDAE_PARAMS_TUNING_1704786905,febbbedd-2d39-4092-acc1-5375cbe91530,431.5544834136963,0.0033713458540031,7.812097854563024e-06,42.5,0.0,1.22662353515625,0.0050946992309557,0.0034300266329079,0.0001486173502263,0.0086733432140899,The Netherlands,NLD,north holland,,,Linux-5.15.0-1053-azure-x86_64-with-glibc2.10,3.8.5,2.3.1,4,AMD EPYC 7V12 64-Core Processor,1,1 x Tesla T4,4.8883,52.3716,27.40581512451172,process,N,1.0
2024-01-10T23:27:13,MIND_MULTIDAE_PARAMS_TUNING_1704786905,f3bf17e1-9b84-485a-b38d-0f72a21a7bc5,2170.864675760269,0.016959357901792,7.812259368886117e-06,42.5,0.0,1.2435879707336426,0.0256280606748329,0.017258511584576,0.000744172891869,0.043630745151278,The Netherlands,NLD,north holland,,,Linux-5.15.0-1053-azure-x86_64-with-glibc2.10,3.8.5,2.3.1,4,AMD EPYC 7V12 64-Core Processor,1,1 x Tesla T4,4.8883,52.3716,27.40581512451172,process,N,1.0
2024-01-10T23:35:25,MIND_MULTIDAE_PARAMS_TUNING_1704786905,5931407b-0fa3-400e-ad1b-274cb3139f01,437.0950584411621,0.00331949056827,7.594436276878851e-06,42.5,0.0,1.2399559020996094,0.0051601075250241,0.003224337579468,0.0001554918350399,0.0085399369395321,The Netherlands,NLD,north holland,,,Linux-5.15.0-1053-azure-x86_64-with-glibc2.10,3.8.5,2.3.1,4,AMD EPYC 7V12 64-Core Processor,1,1 x Tesla T4,4.8883,52.3716,27.40581512451172,process,N,1.0
2024-01-11T00:39:09,MIND_MULTIDAE_PARAMS_TUNING_1704786905,fa0d2917-52d8-4762-96a6-1a36a9ad6d39,3768.300013065338,0.0294466543461877,7.814307312074719e-06,42.5,0.0,1.2440457344055176,0.0444863929826352,0.0299698625869819,0.0013001190983488,0.075756374667966,The Netherlands,NLD,north holland,,,Linux-5.15.0-1053-azure-x86_64-with-glibc2.10,3.8.5,2.3.1,4,AMD EPYC 7V12 64-Core Processor,1,1 x Tesla T4,4.8883,52.3716,27.40581512451172,process,N,1.0
2024-01-11T00:47:25,MIND_MULTIDAE_PARAMS_TUNING_1704786905,daafed72-267c-4b7e-a3cb-1603da5abda4,441.1058371067047,0.0033470006914789,7.587749718826201e-06,42.5,0.0,1.2441229820251467,0.0052074576540125,0.003250969545218,0.0001522840692449,0.0086107112684755,The Netherlands,NLD,north holland,,,Linux-5.15.0-1053-azure-x86_64-with-glibc2.10,3.8.5,2.3.1,4,AMD EPYC 7V12 64-Core Processor,1,1 x Tesla T4,4.8883,52.3716,27.40581512451172,process,N,1.0
2024-01-11T00:55:37,MIND_MULTIDAE_PARAMS_TUNING_1704786905,63faaf2c-09c2-47a3-96bb-de8cd62c746c,436.17087864875793,0.0033468254732098,7.673197907155607e-06,42.5,0.0,1.244154453277588,0.0051491977165142,0.0033054606999221,0.0001556020741447,0.0086102604905811,The Netherlands,NLD,north holland,,,Linux-5.15.0-1053-azure-x86_64-with-glibc2.10,3.8.5,2.3.1,4,AMD EPYC 7V12 64-Core Processor,1,1 x Tesla T4,4.8883,52.3716,27.40581512451172,process,N,1.0
2024-01-11T01:31:32,MIND_MULTIDAE_PARAMS_TUNING_1704786905,2cabfef3-b98c-4806-ada0-6e592d938f28,2100.3177123069763,0.0159349914794868,7.58694334010254e-06,42.5,0.0,1.2445077896118164,0.0247952260201176,0.0154762362698679,0.0007239313007004,0.0409953935906859,The Netherlands,NLD,north holland,,,Linux-5.15.0-1053-azure-x86_64-with-glibc2.10,3.8.5,2.3.1,4,AMD EPYC 7V12 64-Core Processor,1,1 x Tesla T4,4.8883,52.3716,27.40581512451172,process,N,1.0
2024-01-11T02:45:25,MIND_MULTIDAE_PARAMS_TUNING_1704786905,8fa0a919-505c-4cf4-853e-d6b08d5b2776,4377.362987995148,0.0335932748718228,7.674317840204693e-06,42.5,0.0,1.2445392608642578,0.0516767994221713,0.03324175159338,0.0015056888181074,0.0864242398336589,The Netherlands,NLD,north holland,,,Linux-5.15.0-1053-azure-x86_64-with-glibc2.10,3.8.5,2.3.1,4,AMD EPYC 7V12 64-Core Processor,1,1 x Tesla T4,4.8883,52.3716,27.40581512451172,process,N,1.0
2024-01-11T02:53:33,MIND_MULTIDAE_PARAMS_TUNING_1704786905,baec310f-45ee-4c77-9815-7d93072d76e4,431.4703872203827,0.0033745622042013,7.821074873622051e-06,42.5,0.0,1.244710922241211,0.0050937066144413,0.0034393613625982,0.0001485498283776,0.0086816178054172,The Netherlands,NLD,north holland,,,Linux-5.15.0-1053-azure-x86_64-with-glibc2.10,3.8.5,2.3.1,4,AMD EPYC 7V12 64-Core Processor,1,1 x Tesla T4,4.8883,52.3716,27.40581512451172,process,N,1.0
2024-01-11T04:07:26,MIND_MULTIDAE_PARAMS_TUNING_1704786905,8912b2e7-5798-4ded-b49d-53e1187a2e35,4379.10727596283,0.0336113392792275,7.675386137197893e-06,42.5,0.0,1.2503271102905271,0.051697392352422,0.0332591485517421,0.0015141725967375,0.0864707135009018,The Netherlands,NLD,north holland,,,Linux-5.15.0-1053-azure-x86_64-with-glibc2.10,3.8.5,2.3.1,4,AMD EPYC 7V12 64-Core Processor,1,1 x Tesla T4,4.8883,52.3716,27.40581512451172,process,N,1.0
2024-01-11T05:02:35,MIND_MULTIDAE_PARAMS_TUNING_1704786905,83d78dcb-6688-4c1d-b387-da51fcdfbd44,3252.444438934326,0.024675417349786,7.586729862131348e-06,42.5,0.0,1.23850679397583,0.0383966118564208,0.02397117473248,0.0011137940301494,0.0634815806190503,The Netherlands,NLD,north holland,,,Linux-5.15.0-1053-azure-x86_64-with-glibc2.10,3.8.5,2.3.1,4,AMD EPYC 7V12 64-Core Processor,1,1 x Tesla T4,4.8883,52.3716,27.40581512451172,process,N,1.0
2024-01-11T05:10:47,MIND_MULTIDAE_PARAMS_TUNING_1704786905,97c43a1e-2393-4c82-9ad6-20607dcd5c4e,435.98696637153625,0.0034075783977004,7.815780425868407e-06,42.5,0.0,1.2451715469360352,0.0051470251085029,0.003463691104284,0.0001558411954599,0.0087665574082469,The Netherlands,NLD,north holland,,,Linux-5.15.0-1053-azure-x86_64-with-glibc2.10,3.8.5,2.3.1,4,AMD EPYC 7V12 64-Core Processor,1,1 x Tesla T4,4.8883,52.3716,27.40581512451172,process,N,1.0
2024-01-11T05:46:55,MIND_MULTIDAE_PARAMS_TUNING_1704786905,59b9d6f0-eb36-4f6a-8649-b00dcdf95cb1,2113.047090291977,0.0160349359528441,7.588536964705518e-06,42.5,0.0,1.245077133178711,0.0249453139300147,0.0155801855196939,0.0007270177815998,0.0412525172313085,The Netherlands,NLD,north holland,,,Linux-5.15.0-1053-azure-x86_64-with-glibc2.10,3.8.5,2.3.1,4,AMD EPYC 7V12 64-Core Processor,1,1 x Tesla T4,4.8883,52.3716,27.40581512451172,process,N,1.0
2024-01-11T06:24:06,MIND_MULTIDAE_PARAMS_TUNING_1704786905,c2b24031-bc4f-4708-bcdd-adeb08b9228e,2174.971760749817,0.0166918821556507,7.67452822003363e-06,42.5,0.0,1.25447416305542,0.0256764562543895,0.0165120343207276,0.0007541291069289,0.0429426196820461,The Netherlands,NLD,north holland,,,Linux-5.15.0-1053-azure-x86_64-with-glibc2.10,3.8.5,2.3.1,4,AMD EPYC 7V12 64-Core Processor,1,1 x Tesla T4,4.8883,52.3716,27.40581512451172,process,N,1.0
2024-01-11T06:32:12,MIND_MULTIDAE_PARAMS_TUNING_1704786905,cb13ec1b-b66b-4a3c-9b10-7b90ccef6f3a,430.1010417938232,0.0033584747302533,7.808571484147445e-06,42.5,0.0,1.245197296142578,0.0050775398696462,0.0034142343980521,0.0001484558578306,0.0086402301255289,The Netherlands,NLD,north holland,,,Linux-5.15.0-1053-azure-x86_64-with-glibc2.10,3.8.5,2.3.1,4,AMD EPYC 7V12 64-Core Processor,1,1 x Tesla T4,4.8883,52.3716,27.40581512451172,process,N,1.0
2024-01-11T07:09:31,MIND_MULTIDAE_PARAMS_TUNING_1704786905,94c616a9-a3c9-4cc1-9ca5-0c6e8c7a2b23,2184.470048427582,0.0167638886294197,7.674121529607005e-06,42.5,0.0,1.2517833709716797,0.0257886812986599,0.016581834376568,0.000757352535946,0.043127868211174,The Netherlands,NLD,north holland,,,Linux-5.15.0-1053-azure-x86_64-with-glibc2.10,3.8.5,2.3.1,4,AMD EPYC 7V12 64-Core Processor,1,1 x Tesla T4,4.8883,52.3716,27.40581512451172,process,N,1.0
2024-01-11T07:47:07,MIND_MULTIDAE_PARAMS_TUNING_1704786905,5430dd94-8578-4a85-9bd9-f09117dfce71,2199.6285762786865,0.0168779069789209,7.673071336195703e-06,42.5,0.0,1.2537374496459963,0.0259676342667804,0.0166910997417579,0.0007624652107116,0.0434211992192501,The Netherlands,NLD,north holland,,,Linux-5.15.0-1053-azure-x86_64-with-glibc2.10,3.8.5,2.3.1,4,AMD EPYC 7V12 64-Core Processor,1,1 x Tesla T4,4.8883,52.3716,27.40581512451172,process,N,1.0
2024-01-11T08:03:57,MIND_MULTIDAE_PARAMS_TUNING_1704786905,9aef92e0-dd60-4616-a861-1df19e695ae2,954.2002184391022,0.0074584894785422,7.816482677758081e-06,42.5,149.54646263025407,1.256971836090088,0.0112647737726569,0.0075921721848439,0.0003312482852408,0.0191881942427417,The Netherlands,NLD,north holland,,,Linux-5.15.0-1053-azure-x86_64-with-glibc2.10,3.8.5,2.3.1,4,AMD EPYC 7V12 64-Core Processor,1,1 x Tesla T4,4.8883,52.3716,27.40581512451172,process,N,1.0
2024-01-11T09:17:45,MIND_MULTIDAE_PARAMS_TUNING_1704786905,4819aa1e-a2c4-453c-8fca-42b71190c51e,4373.212404727936,0.0335669175618153,7.67557448742388e-06,42.5,0.0,1.2541708946228027,0.0516277511080106,0.0332135037930041,0.0015151764057842,0.0863564313067989,The Netherlands,NLD,north holland,,,Linux-5.15.0-1053-azure-x86_64-with-glibc2.10,3.8.5,2.3.1,4,AMD EPYC 7V12 64-Core Processor,1,1 x Tesla T4,4.8883,52.3716,27.40581512451172,process,N,1.0
2024-01-11T09:25:54,MIND_MULTIDAE_PARAMS_TUNING_1704786905,71d25376-7b21-4c95-b5db-a644d17ce7c2,432.7196476459503,0.0033811239508151,7.813659419462195e-06,42.5,0.0,1.254349708557129,0.0051084546166989,0.003440299696682,0.0001497446673681,0.0086984989807491,The Netherlands,NLD,north holland,,,Linux-5.15.0-1053-azure-x86_64-with-glibc2.10,3.8.5,2.3.1,4,AMD EPYC 7V12 64-Core Processor,1,1 x Tesla T4,4.8883,52.3716,27.40581512451172,process,N,1.0
2024-01-11T09:33:58,MIND_MULTIDAE_PARAMS_TUNING_1704786905,bdd225c4-bfb8-4bc7-9889-3b917a7340e6,429.3761131763458,0.003358726112463,7.822340389679792e-06,42.5,152.5651113385515,1.237931728363037,0.0050688420434792,0.0034238169057183,0.0001482178985238,0.0086408768477215,The Netherlands,NLD,north holland,,,Linux-5.15.0-1053-azure-x86_64-with-glibc2.10,3.8.5,2.3.1,4,AMD EPYC 7V12 64-Core Processor,1,1 x Tesla T4,4.8883,52.3716,27.40581512451172,process,N,1.0
2024-01-11T10:02:01,MIND_MULTIDAE_PARAMS_TUNING_1704786905,4a19e63b-f70a-4312-8db1-4bc99967274f,1628.313024520874,0.0123571950493863,7.588955479258923e-06,42.5,0.0,1.2545900344848635,0.0192229873827762,0.0120038362697281,0.0005640985691111,0.0317909222216154,The Netherlands,NLD,north holland,,,Linux-5.15.0-1053-azure-x86_64-with-glibc2.10,3.8.5,2.3.1,4,AMD EPYC 7V12 64-Core Processor,1,1 x Tesla T4,4.8883,52.3716,27.40581512451172,process,N,1.0
2024-01-11T10:30:04,MIND_MULTIDAE_PARAMS_TUNING_1704786905,34e31e7d-5e1d-425c-bf98-4e1f33365b7b,1627.7453184127808,0.0123566056839079,7.591240192266024e-06,42.5,0.0,1.2550020217895508,0.0192162858878572,0.0120080996064717,0.0005650204873946,0.0317894059817236,The Netherlands,NLD,north holland,,,Linux-5.15.0-1053-azure-x86_64-with-glibc2.10,3.8.5,2.3.1,4,AMD EPYC 7V12 64-Core Processor,1,1 x Tesla T4,4.8883,52.3716,27.40581512451172,process,N,1.0
2024-01-11T11:13:21,MIND_MULTIDAE_PARAMS_TUNING_1704786905,eb136447-c137-4fdf-99f6-8a8121435e55,2540.960355758667,0.01950306111158,7.675468476861333e-06,42.5,0.0,1.259166240692139,0.0299972119395931,0.0192912515440999,0.0008863776840395,0.0501748411677326,The Netherlands,NLD,north holland,,,Linux-5.15.0-1053-azure-x86_64-with-glibc2.10,3.8.5,2.3.1,4,AMD EPYC 7V12 64-Core Processor,1,1 x Tesla T4,4.8883,52.3716,27.40581512451172,process,N,1.0
2024-01-11T11:50:16,MIND_MULTIDAE_PARAMS_TUNING_1704786905,dc5f401c-9640-4f32-9105-54443345deb5,2159.1573629379272,0.0168792192047493,7.817503019688242e-06,42.5,0.0,1.2552151679992676,0.0254898526923524,0.017186432915802,0.0007482895284524,0.0434245751366068,The Netherlands,NLD,north holland,,,Linux-5.15.0-1053-azure-x86_64-with-glibc2.10,3.8.5,2.3.1,4,AMD EPYC 7V12 64-Core Processor,1,1 x Tesla T4,4.8883,52.3716,27.40581512451172,process,N,1.0
2024-01-11T13:03:45,MIND_MULTIDAE_PARAMS_TUNING_1704786905,e94ea86c-cc92-4af3-accf-19ef916482d0,4354.023901939392,0.0340391072997905,7.817850353239604e-06,42.5,150.6773485107709,1.255415439605713,0.0514009962573647,0.0346561107804219,0.0015141102438083,0.087571217281595,The Netherlands,NLD,north holland,,,Linux-5.15.0-1053-azure-x86_64-with-glibc2.10,3.8.5,2.3.1,4,AMD EPYC 7V12 64-Core Processor,1,1 x Tesla T4,4.8883,52.3716,27.40581512451172,process,N,1.0
2024-01-11T13:12:01,MIND_MULTIDAE_PARAMS_TUNING_1704786905,3cc2ea81-5c4b-4576-8302-89a555c972d7,440.8382353782654,0.0033826842916878,7.673300590148046e-06,42.5,0.0,1.2556228637695312,0.0052042967105905,0.003345143509446,0.0001530729949401,0.0087025132149766,The Netherlands,NLD,north holland,,,Linux-5.15.0-1053-azure-x86_64-with-glibc2.10,3.8.5,2.3.1,4,AMD EPYC 7V12 64-Core Processor,1,1 x Tesla T4,4.8883,52.3716,27.40581512451172,process,N,1.0
2024-01-11T13:40:50,MIND_MULTIDAE_PARAMS_TUNING_1704786905,1f2756e1-b2ac-480e-866b-f2f1cb077b53,1673.427752494812,0.0126908921079126,7.583770550591454e-06,42.5,0.0,1.25571870803833,0.0197555407663186,0.0123123509609839,0.000581521210919,0.0326494129382215,The Netherlands,NLD,north holland,,,Linux-5.15.0-1053-azure-x86_64-with-glibc2.10,3.8.5,2.3.1,4,AMD EPYC 7V12 64-Core Processor,1,1 x Tesla T4,4.8883,52.3716,27.40581512451172,process,N,1.0
2024-01-11T13:49:08,MIND_MULTIDAE_PARAMS_TUNING_1704786905,dfeec9b9-9661-42da-8e18-1f0e72994743,442.0447382926941,0.0033555932399908,7.5910715574879665e-06,42.5,0.0,1.2434635162353516,0.0052185410597258,0.0032601545525658,0.0001541214043196,0.0086328170166113,The Netherlands,NLD,north holland,,,Linux-5.15.0-1053-azure-x86_64-with-glibc2.10,3.8.5,2.3.1,4,AMD EPYC 7V12 64-Core Processor,1,1 x Tesla T4,4.8883,52.3716,27.40581512451172,process,N,1.0
2024-01-11T14:21:11,MIND_MULTIDAE_PARAMS_TUNING_1704786905,2a840bb7-c266-4de3-bf23-849c571fadea,1867.0675537586208,0.0145995918429129,7.819530586090635e-06,42.5,0.0,1.2558131217956543,0.0220415971957975,0.0148702532850821,0.0006480073096975,0.0375598577905772,The Netherlands,NLD,north holland,,,Linux-5.15.0-1053-azure-x86_64-with-glibc2.10,3.8.5,2.3.1,4,AMD EPYC 7V12 64-Core Processor,1,1 x Tesla T4,4.8883,52.3716,27.40581512451172,process,N,1.0
2024-01-11T15:33:40,MIND_MULTIDAE_PARAMS_TUNING_1704786905,10ab90b1-6459-43ed-979a-c9d746edbf6e,4293.429342985153,0.0336077102707977,7.827707779961013e-06,42.5,0.0,1.2558746337890625,0.0506859231046505,0.034282647703874,0.0014928064696932,0.0864613772782177,The Netherlands,NLD,north holland,,,Linux-5.15.0-1053-azure-x86_64-with-glibc2.10,3.8.5,2.3.1,4,AMD EPYC 7V12 64-Core Processor,1,1 x Tesla T4,4.8883,52.3716,27.40581512451172,process,N,1.0
2024-01-11T15:41:44,MIND_MULTIDAE_PARAMS_TUNING_1704786905,d8e889c5-d36b-4dbd-852e-0a0e730ad1f3,430.2148194313049,0.0032682154382249,7.596705856263061e-06,42.5,150.24679277678874,1.2560691833496094,0.005078884195288,0.0031798414327599,0.0001492975831136,0.0084080232111616,The Netherlands,NLD,north holland,,,Linux-5.15.0-1053-azure-x86_64-with-glibc2.10,3.8.5,2.3.1,4,AMD EPYC 7V12 64-Core Processor,1,1 x Tesla T4,4.8883,52.3716,27.40581512451172,process,N,1.0
2024-01-11T16:18:40,MIND_MULTIDAE_PARAMS_TUNING_1704786905,e7943505-6609-42c0-8c3d-83c230779d85,2160.0480852127075,0.0163981927179748,7.591586886529913e-06,42.5,0.0,1.256220817565918,0.0255003725770447,0.0159354366372279,0.0007512459538891,0.0421870551681618,The Netherlands,NLD,north holland,,,Linux-5.15.0-1053-azure-x86_64-with-glibc2.10,3.8.5,2.3.1,4,AMD EPYC 7V12 64-Core Processor,1,1 x Tesla T4,4.8883,52.3716,27.40581512451172,process,N,1.0
2024-01-11T16:49:45,MIND_MULTIDAE_PARAMS_TUNING_1704786905,1dba164d-07c1-4faa-986e-416657352284,1810.2902326583865,0.0141721985425012,7.828688619553307e-06,42.5,149.50801042215778,1.2563581466674805,0.0213713165659043,0.0144619199028599,0.000627081570508,0.0364603180392722,The Netherlands,NLD,north holland,,,Linux-5.15.0-1053-azure-x86_64-with-glibc2.10,3.8.5,2.3.1,4,AMD EPYC 7V12 64-Core Processor,1,1 x Tesla T4,4.8883,52.3716,27.40581512451172,process,N,1.0
2024-01-11T16:57:51,MIND_MULTIDAE_PARAMS_TUNING_1704786905,2fda081d-ac3c-4f58-806d-4afdad8364f2,432.3942050933838,0.0033210284031204,7.680557149009892e-06,42.5,146.52207156588997,1.2615652084350586,0.005104612974988,0.003288497353018,0.0001507829452994,0.0085438932733056,The Netherlands,NLD,north holland,,,Linux-5.15.0-1053-azure-x86_64-with-glibc2.10,3.8.5,2.3.1,4,AMD EPYC 7V12 64-Core Processor,1,1 x Tesla T4,4.8883,52.3716,27.40581512451172,process,N,1.0
2024-01-11T17:26:16,MIND_MULTIDAE_PARAMS_TUNING_1704786905,f77a6e00-1ab1-4a2e-845b-2d4f91ca6200,1649.2580997943878,0.0125238903311924,7.593650946903798e-06,42.5,147.53759059463744,1.256389617919922,0.0194702567499544,0.0121760983519818,0.0005734182236251,0.0322197733255615,The Netherlands,NLD,north holland,,,Linux-5.15.0-1053-azure-x86_64-with-glibc2.10,3.8.5,2.3.1,4,AMD EPYC 7V12 64-Core Processor,1,1 x Tesla T4,4.8883,52.3716,27.40581512451172,process,N,1.0
2024-01-11T17:34:25,MIND_MULTIDAE_PARAMS_TUNING_1704786905,807de44e-ae6a-4fcf-952b-7c9455548cfb,434.5415060520172,0.0033006624767266,7.5957358060326095e-06,42.5,145.71866866252145,1.2605695724487305,0.0051299629628658,0.003210187568148,0.0001513480378811,0.008491498568895,The Netherlands,NLD,north holland,,,Linux-5.15.0-1053-azure-x86_64-with-glibc2.10,3.8.5,2.3.1,4,AMD EPYC 7V12 64-Core Processor,1,1 x Tesla T4,4.8883,52.3716,27.40581512451172,process,N,1.0
2024-01-11T17:42:33,MIND_MULTIDAE_PARAMS_TUNING_1704786905,b88b7a99-7c5a-49f3-8d22-29f81b118ea7,432.3008537292481,0.0032833083237268,7.594961461221684e-06,42.5,0.0,1.2470440864562988,0.0051035107920567,0.0031941164441802,0.0001492249120074,0.0084468521482443,The Netherlands,NLD,north holland,,,Linux-5.15.0-1053-azure-x86_64-with-glibc2.10,3.8.5,2.3.1,4,AMD EPYC 7V12 64-Core Processor,1,1 x Tesla T4,4.8883,52.3716,27.40581512451172,process,N,1.0
2024-01-11T17:50:46,MIND_MULTIDAE_PARAMS_TUNING_1704786905,7d068f29-33fb-49f3-9c9e-9f5660a9fba0,437.8552269935608,0.0033256749732911,7.59537575039624e-06,42.5,0.0,1.2566800117492676,0.0051690820213821,0.0032342753651957,0.0001524899548074,0.0085558473413852,The Netherlands,NLD,north holland,,,Linux-5.15.0-1053-azure-x86_64-with-glibc2.10,3.8.5,2.3.1,4,AMD EPYC 7V12 64-Core Processor,1,1 x Tesla T4,4.8883,52.3716,27.40581512451172,process,N,1.0
2024-01-11T18:27:37,MIND_MULTIDAE_PARAMS_TUNING_1704786905,bb915ecb-6317-47e3-ae9d-94b9dceadfb6,2155.692713737488,0.0165605816018789,7.682255219560777e-06,42.5,0.0,1.260941505432129,0.0254489510875609,0.0164038534008499,0.0007520228648801,0.042604827353291,The Netherlands,NLD,north holland,,,Linux-5.15.0-1053-azure-x86_64-with-glibc2.10,3.8.5,2.3.1,4,AMD EPYC 7V12 64-Core Processor,1,1 x Tesla T4,4.8883,52.3716,27.40581512451172,process,N,1.0
2024-01-11T19:03:58,MIND_MULTIDAE_PARAMS_TUNING_1704786905,da3af179-b71b-40e3-a52f-a5d1135a3478,2126.0346920490265,0.0166410154022621,7.827254872414103e-06,42.5,0.0,1.2567572593688965,0.0250985539284017,0.01697726774847,0.0007359348931025,0.0428117565699743,The Netherlands,NLD,north holland,,,Linux-5.15.0-1053-azure-x86_64-with-glibc2.10,3.8.5,2.3.1,4,AMD EPYC 7V12 64-Core Processor,1,1 x Tesla T4,4.8883,52.3716,27.40581512451172,process,N,1.0
2024-01-11T19:35:22,MIND_MULTIDAE_PARAMS_TUNING_1704786905,38724958-967a-46a8-b4a0-14a0dc97016f,1829.882215499878,0.0143280236495018,7.830025084749935e-06,42.5,0.0,1.266305923461914,0.0216026076215836,0.0146182494723681,0.0006403467318629,0.0368612038258147,The Netherlands,NLD,north holland,,,Linux-5.15.0-1053-azure-x86_64-with-glibc2.10,3.8.5,2.3.1,4,AMD EPYC 7V12 64-Core Processor,1,1 x Tesla T4,4.8883,52.3716,27.40581512451172,process,N,1.0
2024-01-11T20:12:44,MIND_MULTIDAE_PARAMS_TUNING_1704786905,6641f427-2c92-4ed5-9579-5080ce33ae8d,2187.44332242012,0.0167972450983531,7.678939575800845e-06,42.5,0.0,1.271718978881836,0.0258237377756171,0.0166201649627877,0.0007697804902719,0.0432136832286768,The Netherlands,NLD,north holland,,,Linux-5.15.0-1053-azure-x86_64-with-glibc2.10,3.8.5,2.3.1,4,AMD EPYC 7V12 64-Core Processor,1,1 x Tesla T4,4.8883,52.3716,27.40581512451172,process,N,1.0
2024-01-11T21:27:07,MIND_MULTIDAE_PARAMS_TUNING_1704786905,bc9899f4-529c-49c8-b284-22b5095ae593,4407.644202947617,0.0334600267278681,7.5913629111650525e-06,42.5,0.0,1.2605996131896973,0.0520342858299613,0.0325092712851737,0.0015378798928251,0.0860814370079603,The Netherlands,NLD,north holland,,,Linux-5.15.0-1053-azure-x86_64-with-glibc2.10,3.8.5,2.3.1,4,AMD EPYC 7V12 64-Core Processor,1,1 x Tesla T4,4.8883,52.3716,27.40581512451172,process,N,1.0
2024-01-11T22:41:16,MIND_MULTIDAE_PARAMS_TUNING_1704786905,be2b4010-8d30-4378-be9b-5e98fa56151d,4393.8309116363525,0.0333618651420193,7.592887804049503e-06,42.5,145.95513995497012,1.2637038230895996,0.0518712135579851,0.0324206692698481,0.001537017311655,0.0858289001394882,The Netherlands,NLD,north holland,,,Linux-5.15.0-1053-azure-x86_64-with-glibc2.10,3.8.5,2.3.1,4,AMD EPYC 7V12 64-Core Processor,1,1 x Tesla T4,4.8883,52.3716,27.40581512451172,process,N,1.0
2024-01-11T23:10:01,MIND_MULTIDAE_PARAMS_TUNING_1704786905,c0518a67-63a9-45fc-a898-f3e7dce52b9e,1668.6909849643707,0.0126705772959888,7.593123837880261e-06,42.5,0.0,1.263761043548584,0.0196996697690751,0.0123138262399415,0.0005836537251982,0.032597149734215,The Netherlands,NLD,north holland,,,Linux-5.15.0-1053-azure-x86_64-with-glibc2.10,3.8.5,2.3.1,4,AMD EPYC 7V12 64-Core Processor,1,1 x Tesla T4,4.8883,52.3716,27.40581512451172,process,N,1.0
2024-01-11T23:18:16,MIND_MULTIDAE_PARAMS_TUNING_1704786905,40368150-fa2e-4b3b-ad01-c693799dc342,439.0556223392487,0.0033703346929207,7.676327375023512e-06,42.5,0.0,1.2640299797058103,0.005183252896534,0.00333364711136,0.0001538418275498,0.008670741835444,The Netherlands,NLD,north holland,,,Linux-5.15.0-1053-azure-x86_64-with-glibc2.10,3.8.5,2.3.1,4,AMD EPYC 7V12 64-Core Processor,1,1 x Tesla T4,4.8883,52.3716,27.40581512451172,process,N,1.0
2024-01-12T00:13:56,MIND_MULTIDAE_PARAMS_TUNING_1704786905,d221beab-caa9-4df6-8ecd-f1e20a48f4c8,3284.7462406158447,0.0252159190955135,7.676671879160415e-06,42.5,0.0,1.2641386985778809,0.038777953403857,0.0249478194026842,0.0011463376933109,0.0648721104998522,The Netherlands,NLD,north holland,,,Linux-5.15.0-1053-azure-x86_64-with-glibc2.10,3.8.5,2.3.1,4,AMD EPYC 7V12 64-Core Processor,1,1 x Tesla T4,4.8883,52.3716,27.40581512451172,process,N,1.0
2024-01-12T00:22:09,MIND_MULTIDAE_PARAMS_TUNING_1704786905,3cdb7247-b776-4102-bf1f-cd7f6d94665b,438.1148362159729,0.0033635052703291,7.677222938579264e-06,42.5,0.0,1.2649970054626465,0.0051721459433436,0.0033276623843498,0.0001533636918205,0.008653172019514,The Netherlands,NLD,north holland,,,Linux-5.15.0-1053-azure-x86_64-with-glibc2.10,3.8.5,2.3.1,4,AMD EPYC 7V12 64-Core Processor,1,1 x Tesla T4,4.8883,52.3716,27.40581512451172,process,N,1.0
2024-01-12T01:05:12,MIND_MULTIDAE_PARAMS_TUNING_1704786905,703c31a9-5eaa-427b-b49c-52df6553f2b4,2527.486419916153,0.0194061749963147,7.678053121630048e-06,42.5,0.0,1.263655185699463,0.029838146561053,0.0192023425840841,0.0008850965125511,0.0499255856576883,The Netherlands,NLD,north holland,,,Linux-5.15.0-1053-azure-x86_64-with-glibc2.10,3.8.5,2.3.1,4,AMD EPYC 7V12 64-Core Processor,1,1 x Tesla T4,4.8883,52.3716,27.40581512451172,process,N,1.0
2024-01-12T02:19:12,MIND_MULTIDAE_PARAMS_TUNING_1704786905,c6aa3892-8e9e-457a-b53c-9552f5bfa332,4384.588928461075,0.0332892646718958,7.592334245021207e-06,42.5,0.0,1.267404556274414,0.0517621025563942,0.0323369211472939,0.0015430997530879,0.0856421234567762,The Netherlands,NLD,north holland,,,Linux-5.15.0-1053-azure-x86_64-with-glibc2.10,3.8.5,2.3.1,4,AMD EPYC 7V12 64-Core Processor,1,1 x Tesla T4,4.8883,52.3716,27.40581512451172,process,N,1.0
2024-01-12T02:50:52,MIND_MULTIDAE_PARAMS_TUNING_1704786905,bed9407b-db5b-4e54-805e-d66cf18a6f79,1843.8869075775144,0.0144228893565029,7.822003235248128e-06,42.5,143.37057769326023,1.2476205825805666,0.0217679408172766,0.014692777587546,0.0006445430975698,0.0371052615023925,The Netherlands,NLD,north holland,,,Linux-5.15.0-1053-azure-x86_64-with-glibc2.10,3.8.5,2.3.1,4,AMD EPYC 7V12 64-Core Processor,1,1 x Tesla T4,4.8883,52.3716,27.40581512451172,process,N,1.0
2024-01-12T04:04:34,MIND_MULTIDAE_PARAMS_TUNING_1704786905,f63ce877-0808-474b-b782-cbc8696cf0c1,4368.042688131332,0.0335352107751078,7.677399963656114e-06,42.5,0.0,1.265427589416504,0.0515667024297846,0.0331803420998078,0.0015278158392965,0.0862748603688888,The Netherlands,NLD,north holland,,,Linux-5.15.0-1053-azure-x86_64-with-glibc2.10,3.8.5,2.3.1,4,AMD EPYC 7V12 64-Core Processor,1,1 x Tesla T4,4.8883,52.3716,27.40581512451172,process,N,1.0
2024-01-12T04:41:39,MIND_MULTIDAE_PARAMS_TUNING_1704786905,ff5d6822-f11f-45d3-b742-c514c3527791,2169.242757558822,0.0169533846411749,7.815346891029211e-06,42.5,0.0,1.2655820846557615,0.0256086278589235,0.0172505729671137,0.000756177127189,0.0436153779532263,The Netherlands,NLD,north holland,,,Linux-5.15.0-1053-azure-x86_64-with-glibc2.10,3.8.5,2.3.1,4,AMD EPYC 7V12 64-Core Processor,1,1 x Tesla T4,4.8883,52.3716,27.40581512451172,process,N,1.0
2024-01-12T04:58:22,MIND_MULTIDAE_PARAMS_TUNING_1704786905,971dfefa-0abf-4e5c-ad5b-8df61cde2962,948.6373281478882,0.0074183125690831,7.819966966265828e-06,42.5,0.0,1.2657651901245115,0.0111991010634435,0.0075531529869619,0.0003325784667494,0.0190848325171549,The Netherlands,NLD,north holland,,,Linux-5.15.0-1053-azure-x86_64-with-glibc2.10,3.8.5,2.3.1,4,AMD EPYC 7V12 64-Core Processor,1,1 x Tesla T4,4.8883,52.3716,27.40581512451172,process,N,1.0
2024-01-12T05:35:44,MIND_MULTIDAE_PARAMS_TUNING_1704786905,a322b491-9921-4839-add9-195bca03bc5d,2186.0018577575684,0.0167878494120223,7.679705006858305e-06,42.5,139.37223865295448,1.265800952911377,0.0258067638865775,0.01661760496074,0.0007651424287302,0.0431895112760478,The Netherlands,NLD,north holland,,,Linux-5.15.0-1053-azure-x86_64-with-glibc2.10,3.8.5,2.3.1,4,AMD EPYC 7V12 64-Core Processor,1,1 x Tesla T4,4.8883,52.3716,27.40581512451172,process,N,1.0
2024-01-12T06:31:13,MIND_MULTIDAE_PARAMS_TUNING_1704786905,b220afca-453a-4369-8202-5efdfea28048,3273.1996800899506,0.0251330474379864,7.67843391616603e-06,42.5,0.0,1.2658424377441406,0.0386416391581296,0.0248672940604859,0.0011499762749977,0.0646589094936132,The Netherlands,NLD,north holland,,,Linux-5.15.0-1053-azure-x86_64-with-glibc2.10,3.8.5,2.3.1,4,AMD EPYC 7V12 64-Core Processor,1,1 x Tesla T4,4.8883,52.3716,27.40581512451172,process,N,1.0
2024-01-12T06:59:07,MIND_MULTIDAE_PARAMS_TUNING_1704786905,2662c747-2cd6-44c2-8ec0-7689d65d2532,1619.2967488765717,0.0122977058387318,7.59447324726842e-06,42.5,139.33967296831875,1.2619414329528809,0.0191165494195289,0.0119538806742078,0.0005674463224685,0.0316378764162053,The Netherlands,NLD,north holland,,,Linux-5.15.0-1053-azure-x86_64-with-glibc2.10,3.8.5,2.3.1,4,AMD EPYC 7V12 64-Core Processor,1,1 x Tesla T4,4.8883,52.3716,27.40581512451172,process,N,1.0
2024-01-12T07:18:12,MIND_MULTIDAE_PARAMS_TUNING_1704786905,cce82f39-4e85-4b90-a93e-9d3374568dea,1089.5078043937683,5.1143518362563405e-05,4.694185590622828e-08,42.5,0.0,1.2661900520324707,0.0128619885196288,0.0082706110609278,0.0003814157530116,0.0215140153335683,Canada,CAN,quebec,,,Linux-5.15.0-1053-azure-x86_64-with-glibc2.10,3.8.5,2.3.1,4,AMD EPYC 7V12 64-Core Processor,1,1 x Tesla T4,-71.2,46.8,27.40581512451172,process,N,1.0
2024-01-12T07:55:42,MIND_MULTIDAE_PARAMS_TUNING_1704786905,6b864698-db36-432a-8a4a-ea306b603e0e,2194.747552633285,0.0168433852405964,7.67440666257383e-06,42.5,0.0,1.2706418037414553,0.0259100092583232,0.016654470545788,0.0007679065499503,0.0433323863540617,The Netherlands,NLD,north holland,,,Linux-5.15.0-1053-azure-x86_64-with-glibc2.10,3.8.5,2.3.1,4,AMD EPYC 7V12 64-Core Processor,1,1 x Tesla T4,4.8883,52.3716,27.40581512451172,process,N,1.0
2024-01-12T08:23:43,MIND_MULTIDAE_PARAMS_TUNING_1704786905,958535ee-53c2-46ab-a68d-8a9ab1fe5bf0,1623.2378993034365,0.0123221171612398,7.591072859084598e-06,42.5,0.0,1.268357276916504,0.0191630707229177,0.0119682198523456,0.0005693879940257,0.0317006785692891,The Netherlands,NLD,north holland,,,Linux-5.15.0-1053-azure-x86_64-with-glibc2.10,3.8.5,2.3.1,4,AMD EPYC 7V12 64-Core Processor,1,1 x Tesla T4,4.8883,52.3716,27.40581512451172,process,N,1.0
2024-01-12T08:31:54,MIND_MULTIDAE_PARAMS_TUNING_1704786905,408a4f54-c9ff-4f94-863a-4ebf5b320fe7,434.4892504215241,0.0033958646344063,7.815762141668136e-06,42.5,0.0,1.266716480255127,0.0051293445390131,0.0034546749859596,0.0001524022953582,0.008736421820331,The Netherlands,NLD,north holland,,,Linux-5.15.0-1053-azure-x86_64-with-glibc2.10,3.8.5,2.3.1,4,AMD EPYC 7V12 64-Core Processor,1,1 x Tesla T4,4.8883,52.3716,27.40581512451172,process,N,1.0
2024-01-12T08:40:07,MIND_MULTIDAE_PARAMS_TUNING_1704786905,74f6e8ea-69d0-44d3-a64c-af0b89b64781,438.1160933971405,0.0033650483325011,7.680722948131586e-06,42.5,0.0,1.2585740089416506,0.0051721605880392,0.0033312712761262,0.0001537099372689,0.0086571418014344,The Netherlands,NLD,north holland,,,Linux-5.15.0-1053-azure-x86_64-with-glibc2.10,3.8.5,2.3.1,4,AMD EPYC 7V12 64-Core Processor,1,1 x Tesla T4,4.8883,52.3716,27.40581512451172,process,N,1.0
2024-01-12T08:48:21,MIND_MULTIDAE_PARAMS_TUNING_1704786905,68b766eb-0e99-4cf4-81d4-052032085f51,439.4995937347412,0.0033759794744046,7.681416598628851e-06,42.5,0.0,1.2670283317565918,0.0051884165548615,0.0033422810071561,0.0001545664047348,0.0086852639667526,The Netherlands,NLD,north holland,,,Linux-5.15.0-1053-azure-x86_64-with-glibc2.10,3.8.5,2.3.1,4,AMD EPYC 7V12 64-Core Processor,1,1 x Tesla T4,4.8883,52.3716,27.40581512451172,process,N,1.0
2024-01-12T09:17:11,MIND_MULTIDAE_PARAMS_TUNING_1704786905,2de6386d-92b4-4a50-8b04-69292bfaceb2,1674.4084167480469,0.0127177838150006,7.595389325443396e-06,42.5,139.61768146339938,1.2671198844909668,0.0197671621021297,0.0123641904468998,0.0005872437406748,0.0327185962897044,The Netherlands,NLD,north holland,,,Linux-5.15.0-1053-azure-x86_64-with-glibc2.10,3.8.5,2.3.1,4,AMD EPYC 7V12 64-Core Processor,1,1 x Tesla T4,4.8883,52.3716,27.40581512451172,process,N,1.0
2024-01-12T09:36:19,MIND_MULTIDAE_PARAMS_TUNING_1704786905,7ba6326d-b0f7-449f-9451-53084063e103,1091.3042373657229,0.0083795999614784,7.67851867019761e-06,42.5,136.68870180028077,1.2724342346191406,0.0128833500782648,0.0082901380209938,0.0003844147710081,0.0215579028702668,The Netherlands,NLD,north holland,,,Linux-5.15.0-1053-azure-x86_64-with-glibc2.10,3.8.5,2.3.1,4,AMD EPYC 7V12 64-Core Processor,1,1 x Tesla T4,4.8883,52.3716,27.40581512451172,process,N,1.0
2024-01-12T10:13:50,MIND_MULTIDAE_PARAMS_TUNING_1704786905,9936a44a-78a5-4f12-b318-3106dc240b8f,2195.541677713394,0.0168544760385692,7.676682346619268e-06,42.5,139.37727374162637,1.2543153762817385,0.0259193417770995,0.016672599171402,0.000768978312447,0.0433609192609486,The Netherlands,NLD,north holland,,,Linux-5.15.0-1053-azure-x86_64-with-glibc2.10,3.8.5,2.3.1,4,AMD EPYC 7V12 64-Core Processor,1,1 x Tesla T4,4.8883,52.3716,27.40581512451172,process,N,1.0
2024-01-12T10:51:34,MIND_MULTIDAE_PARAMS_TUNING_1704786905,77cc8fac-600b-403b-96bf-c96b1d88c96b,2208.434932947159,0.0169602236924779,7.679747969683004e-06,42.5,135.91884370803274,1.2741336822509766,0.0260713730828629,0.0167789681453855,0.0007826313123557,0.0436329725406042,The Netherlands,NLD,north holland,,,Linux-5.15.0-1053-azure-x86_64-with-glibc2.10,3.8.5,2.3.1,4,AMD EPYC 7V12 64-Core Processor,1,1 x Tesla T4,4.8883,52.3716,27.40581512451172,process,N,1.0
2024-01-12T11:28:37,MIND_MULTIDAE_PARAMS_TUNING_1704786905,b64a00f1-5a3c-4e60-a9b4-5960eb7fb0cd,2166.934893846512,0.0169539674998718,7.823939495374942e-06,42.5,0.0,1.2700867652893066,0.0255815447361932,0.0172756449316158,0.0007596877855403,0.0436168774533494,The Netherlands,NLD,north holland,,,Linux-5.15.0-1053-azure-x86_64-with-glibc2.10,3.8.5,2.3.1,4,AMD EPYC 7V12 64-Core Processor,1,1 x Tesla T4,4.8883,52.3716,27.40581512451172,process,N,1.0
2024-01-12T12:05:21,MIND_MULTIDAE_PARAMS_TUNING_1704786905,6a483f93-0bfe-4729-8d73-5193ef8d9de9,2149.179893016815,0.0168260657923998,7.829063470708824e-06,42.5,0.0,1.27424955368042,0.0253720631281534,0.017159001504968,0.000756764584119,0.0432878292172405,The Netherlands,NLD,north holland,,,Linux-5.15.0-1053-azure-x86_64-with-glibc2.10,3.8.5,2.3.1,4,AMD EPYC 7V12 64-Core Processor,1,1 x Tesla T4,4.8883,52.3716,27.40581512451172,process,N,1.0
2024-01-12T12:42:56,MIND_MULTIDAE_PARAMS_TUNING_1704786905,c779731e-195a-48d2-8c91-50db03d1514d,2200.0961034297943,0.0168917494223469,7.677732529962605e-06,42.5,0.0,1.2744183540344238,0.0259731509346101,0.0167075650327075,0.0007760952205509,0.0434568111878686,The Netherlands,NLD,north holland,,,Linux-5.15.0-1053-azure-x86_64-with-glibc2.10,3.8.5,2.3.1,4,AMD EPYC 7V12 64-Core Processor,1,1 x Tesla T4,4.8883,52.3716,27.40581512451172,process,N,1.0
2024-01-12T13:20:50,MIND_MULTIDAE_PARAMS_TUNING_1704786905,438f089f-16be-470d-bd9e-0f69bc4bb46d,2218.0357110500336,0.0168366142227603,7.590776892762389e-06,42.5,137.9706367344175,1.274564266204834,0.0261847207726703,0.0163484864121121,0.0007817596092149,0.0433149667939974,The Netherlands,NLD,north holland,,,Linux-5.15.0-1053-azure-x86_64-with-glibc2.10,3.8.5,2.3.1,4,AMD EPYC 7V12 64-Core Processor,1,1 x Tesla T4,4.8883,52.3716,27.40581512451172,process,N,1.0
2024-01-12T13:29:10,MIND_MULTIDAE_PARAMS_TUNING_1704786905,59e7ebb9-282c-4320-be87-81dd19b4d901,444.2771201133728,0.003371243244731,7.588154086959899e-06,42.5,0.0,1.2746729850769043,0.005244893014431,0.0032713067837097,0.0001568794366742,0.008673079234815,The Netherlands,NLD,north holland,,,Linux-5.15.0-1053-azure-x86_64-with-glibc2.10,3.8.5,2.3.1,4,AMD EPYC 7V12 64-Core Processor,1,1 x Tesla T4,4.8883,52.3716,27.40581512451172,process,N,1.0
2024-01-12T14:06:20,MIND_MULTIDAE_PARAMS_TUNING_1704786905,d4d65298-1c3c-4089-83dd-3e9f85bbf309,2172.9848506450653,0.0169907215638579,7.819070417731688e-06,42.5,0.0,1.274850368499756,0.0256530956005056,0.0172916843888923,0.000766653355061,0.0437114333444591,The Netherlands,NLD,north holland,,,Linux-5.15.0-1053-azure-x86_64-with-glibc2.10,3.8.5,2.3.1,4,AMD EPYC 7V12 64-Core Processor,1,1 x Tesla T4,4.8883,52.3716,27.40581512451172,process,N,1.0
2024-01-12T14:43:51,MIND_MULTIDAE_PARAMS_TUNING_1704786905,1a21a869-6662-4ede-8a70-7c0e56b086e1,2195.8560650348663,0.0168605476114367,7.678348266952108e-06,42.5,0.0,1.2787141799926758,0.0259230971746974,0.0166788133430397,0.0007746288657409,0.0433765393834781,The Netherlands,NLD,north holland,,,Linux-5.15.0-1053-azure-x86_64-with-glibc2.10,3.8.5,2.3.1,4,AMD EPYC 7V12 64-Core Processor,1,1 x Tesla T4,4.8883,52.3716,27.40581512451172,process,N,1.0
2024-01-12T15:21:26,MIND_MULTIDAE_PARAMS_TUNING_1704786905,466a33f4-b08f-476b-b78e-fbd87ea8810d,2200.331709384918,0.0167089485798032,7.5938316520803556e-06,42.5,0.0,1.275036334991455,0.0259759323065479,0.0162335707646237,0.0007770228016132,0.0429865258727849,The Netherlands,NLD,north holland,,,Linux-5.15.0-1053-azure-x86_64-with-glibc2.10,3.8.5,2.3.1,4,AMD EPYC 7V12 64-Core Processor,1,1 x Tesla T4,4.8883,52.3716,27.40581512451172,process,N,1.0
2024-01-12T16:33:50,MIND_MULTIDAE_PARAMS_TUNING_1704786905,7c916afa-9a15-44a1-b36e-ad5cf168e5ea,4287.393253803253,0.0329508284465416,7.685515765858824e-06,42.5,0.0,1.2711310386657717,0.0506146627868215,0.032646403061546,0.001510374603551,0.0847714404519186,The Netherlands,NLD,north holland,,,Linux-5.15.0-1053-azure-x86_64-with-glibc2.10,3.8.5,2.3.1,4,AMD EPYC 7V12 64-Core Processor,1,1 x Tesla T4,4.8883,52.3716,27.40581512451172,process,N,1.0
2024-01-12T16:41:45,MIND_MULTIDAE_PARAMS_TUNING_1704786905,459ee658-19e0-4741-bfaf-40411bd90d80,420.8844845294952,0.0033006838989999,7.842256059141173e-06,42.5,137.66224858149675,1.275355339050293,0.004968734422326,0.0033690068618703,0.0001538123970296,0.008491553681226,The Netherlands,NLD,north holland,,,Linux-5.15.0-1053-azure-x86_64-with-glibc2.10,3.8.5,2.3.1,4,AMD EPYC 7V12 64-Core Processor,1,1 x Tesla T4,4.8883,52.3716,27.40581512451172,process,N,1.0
2024-01-12T16:49:41,MIND_MULTIDAE_PARAMS_TUNING_1704786905,3ff304f6-0f1a-4c4b-9a6e-6a529b4b2468,422.0817139148712,0.0033081023011599,7.83758734884971e-06,42.5,0.0,1.2661185264587402,0.0049828684591584,0.0033743140883379,0.0001534561967343,0.0085106387442307,The Netherlands,NLD,north holland,,,Linux-5.15.0-1053-azure-x86_64-with-glibc2.10,3.8.5,2.3.1,4,AMD EPYC 7V12 64-Core Processor,1,1 x Tesla T4,4.8883,52.3716,27.40581512451172,process,N,1.0
2024-01-12T16:57:38,MIND_MULTIDAE_PARAMS_TUNING_1704786905,42611d84-ce2e-4e12-bd0c-b411f14f8560,421.25321912765503,2.019334698739445e-05,4.7936362431156e-08,42.5,0.0,1.2753181457519531,0.0049730870043238,0.0033672857493822,0.0001541538379739,0.00849452659168,Canada,CAN,quebec,,,Linux-5.15.0-1053-azure-x86_64-with-glibc2.10,3.8.5,2.3.1,4,AMD EPYC 7V12 64-Core Processor,1,1 x Tesla T4,-71.2,46.8,27.40581512451172,process,N,1.0
2024-01-12T17:25:53,MIND_MULTIDAE_PARAMS_TUNING_1704786905,8d7b62e7-8827-4201-9097-a9bdcafe9dc8,1641.4608817100525,0.0124696802524951,7.596696571595692e-06,42.5,137.4956116401783,1.275505542755127,0.0193782060869865,0.0121232269207958,0.0005788759499672,0.0320803089577496,The Netherlands,NLD,north holland,,,Linux-5.15.0-1053-azure-x86_64-with-glibc2.10,3.8.5,2.3.1,4,AMD EPYC 7V12 64-Core Processor,1,1 x Tesla T4,4.8883,52.3716,27.40581512451172,process,N,1.0
2024-01-12T17:33:52,MIND_MULTIDAE_PARAMS_TUNING_1704786905,a910187f-9b14-4140-8bd4-23855fff18b6,424.1822633743286,0.0033212768243929,7.829834274475692e-06,42.5,0.0,1.2756900787353518,0.0050076659707559,0.003386760764962,0.000150105642281,0.008544532377999,The Netherlands,NLD,north holland,,,Linux-5.15.0-1053-azure-x86_64-with-glibc2.10,3.8.5,2.3.1,4,AMD EPYC 7V12 64-Core Processor,1,1 x Tesla T4,4.8883,52.3716,27.40581512451172,process,N,1.0
2024-01-12T18:05:01,MIND_MULTIDAE_PARAMS_TUNING_1704786905,6b65f0a5-1e3d-4a6c-9dbd-20669b9f0876,1813.47460770607,0.0142152605822221,7.83868741355222e-06,42.5,0.0,1.2758359909057615,0.0214089082161585,0.0145231727296399,0.0006390212924768,0.0365711022382753,The Netherlands,NLD,north holland,,,Linux-5.15.0-1053-azure-x86_64-with-glibc2.10,3.8.5,2.3.1,4,AMD EPYC 7V12 64-Core Processor,1,1 x Tesla T4,4.8883,52.3716,27.40581512451172,process,N,1.0
2024-01-12T19:17:55,MIND_MULTIDAE_PARAMS_TUNING_1704786905,8aa0041e-0276-4e44-a7fb-d2289f564138,4320.353077411652,0.0328259136873887,7.59797014253634e-06,42.5,134.06106797375543,1.2759675979614258,0.0510037786917553,0.0319201819250141,0.0015261160162005,0.08445007663297,The Netherlands,NLD,north holland,,,Linux-5.15.0-1053-azure-x86_64-with-glibc2.10,3.8.5,2.3.1,4,AMD EPYC 7V12 64-Core Processor,1,1 x Tesla T4,4.8883,52.3716,27.40581512451172,process,N,1.0
2024-01-12T19:53:30,MIND_MULTIDAE_PARAMS_TUNING_1704786905,c1f00b8d-f88c-4148-bfa3-c3820eaf2dc6,2080.3962836265564,0.01580694303195892,7.598044255493565e-06,42.5,0.0,1.2845277786254883,0.02455837462428542,0.015373072020670175,0.0007345211966271942,0.0406659678415828,The Netherlands,NLD,north holland,,,Linux-5.15.0-1053-azure-x86_64-with-glibc2.10,3.8.5,2.3.1,4,AMD EPYC 7V12 64-Core Processor,1,1 x Tesla T4,4.8883,52.3716,27.40581512451172,process,N,1.0
